date,1,2,3,4,5,6,7,8,9,10,11,12,13,14,15,16,17,18,19,20,21,22,23,24,cluster
2021-01-04,20.9,20.9,20.9,20.93,20.990000000000002,20.99833333333333,20.996666666666663,20.976666666666663,26.648333333333333,28.22,28.12833333333333,28.221666666666668,28.310000000000002,28.233333333333327,28.301666666666662,28.236666666666668,28.233333333333338,26.105000000000004,25.036666666666665,24.648333333333333,24.314999999999998,24.005000000000003,23.726666666666667,23.466666666666665,1
2021-01-05,23.221666666666668,23.013333333333332,22.835000000000008,22.658333333333335,22.509999999999998,22.358333333333334,22.241666666666664,22.135,26.76166666666667,28.075,27.91,27.956666666666663,27.979999999999997,27.79,27.87,27.84,27.87833333333333,26.046666666666663,25.084999999999997,24.660000000000004,24.28333333333333,23.941666666666663,23.636666666666667,23.366666666666664,1
2021-01-06,23.11,22.89,22.68666666666667,22.496666666666666,22.330000000000005,22.171666666666667,22.03666666666667,21.909999999999997,26.243333333333336,27.915,27.925,27.979999999999997,27.818333333333335,27.883333333333333,27.90833333333333,27.823333333333334,27.816666666666663,26.196666666666665,25.076666666666668,24.623333333333335,24.225,23.85,23.51,23.21166666666667,1
2021-01-07,22.93,22.69166666666667,22.459999999999997,22.251666666666665,22.055000000000003,21.883333333333336,21.734999999999996,21.56666666666667,26.015,27.666666666666668,27.595,27.655,27.89,27.328333333333333,27.763333333333335,27.448333333333338,27.415000000000006,26.176666666666662,24.970000000000002,24.36,23.828333333333333,23.328333333333333,22.88666666666667,22.478333333333335,1
2021-01-08,22.095,21.733333333333334,21.396666666666665,21.071666666666665,20.791666666666668,20.521666666666672,20.29166666666667,20.066666666666666,23.851666666666667,25.16333333333333,24.598333333333333,25.003333333333334,25.52166666666666,25.03333333333333,24.42333333333333,24.64666666666667,24.628333333333334,22.82,21.666666666666668,21.215,20.851666666666663,20.513333333333335,20.21666666666667,19.956666666666667,1
2021-01-11,18.800000000000004,18.800000000000004,18.800000000000004,18.79833333333334,18.79333333333334,18.785000000000004,18.744999999999997,18.7,24.276666666666664,27.576666666666668,27.498333333333342,27.394999999999996,27.98333333333334,27.223333333333333,26.75333333333333,26.814999999999998,26.389999999999997,24.02333333333333,22.785,22.249999999999996,21.771666666666665,21.323333333333334,20.930000000000003,20.58333333333333,1
2021-01-12,20.268333333333338,19.993333333333332,19.72666666666667,19.501666666666665,19.288333333333338,19.118333333333332,18.94833333333333,18.80666666666667,24.019999999999996,26.28,25.89333333333333,25.784999999999997,26.52,27.83833333333334,26.833333333333332,27.22666666666666,27.93,26.130000000000003,24.626666666666665,23.88166666666667,23.236666666666665,22.633333333333333,22.095,21.60666666666667,1
2021-01-13,21.17,20.766666666666666,20.39166666666667,20.044999999999998,19.736666666666668,19.470000000000002,19.226666666666667,19.016666666666673,21.888333333333335,26.395,27.170000000000005,27.193333333333342,27.355,26.87,27.513333333333335,27.41833333333333,26.915,25.076666666666668,24.255000000000003,23.726666666666667,23.246666666666666,22.776666666666667,22.321666666666665,21.924880952380953,1
2021-01-14,21.548333333333332,21.215000000000003,20.90166666666667,20.631666666666668,20.388333333333335,20.16333333333333,19.953333333333333,19.768333333333334,24.188333333333333,27.42,27.461666666666666,27.486666666666665,27.28333333333334,27.48,27.424999999999997,27.571666666666665,26.965,25.181666666666665,24.448333333333338,23.98333333333333,23.564999999999998,23.188333333333333,22.83833333333333,22.506666666666668,1
2021-01-15,22.191666666666666,21.903333333333336,21.625000000000007,21.376666666666665,21.130000000000003,20.918333333333333,20.725,20.531666666666666,24.955,27.369999999999997,27.364999999999995,27.535000000000004,27.628333333333334,27.494999999999997,27.503333333333334,27.51166666666667,27.211666666666666,25.67666666666667,24.96,24.500000000000007,24.093333333333334,23.715,23.354999999999997,23.01166666666667,1
2021-01-18,19.9,19.895000000000003,19.806666666666672,19.800000000000004,19.800000000000004,19.800000000000004,19.800000000000004,19.79166666666667,24.636666666666667,27.275,27.259999999999998,27.46166666666667,27.08333333333333,27.45166666666667,27.53,27.185,26.813333333333333,25.165000000000003,24.45,24.003333333333337,23.615,23.253333333333337,22.918333333333337,22.614999999999995,1
2021-01-19,22.335000000000004,22.08166666666667,21.85666666666667,21.66,21.501666666666665,21.35666666666667,21.238333333333333,21.108333333333334,25.09,27.311666666666667,27.405,27.578333333333333,27.619999999999997,27.663333333333334,27.464999999999996,27.58833333333333,27.189999999999998,25.576666666666668,24.939999999999998,24.518333333333338,24.16,23.833333333333336,23.519999999999996,23.243333333333336,1
2021-01-20,22.993333333333332,22.76833333333333,22.553333333333335,22.37166666666667,22.228333333333335,22.063333333333336,21.949999999999996,21.836666666666673,26.28166666666667,27.835,27.83833333333333,27.926666666666666,27.96666666666667,27.900000000000002,27.96333333333333,27.926666666666666,27.143333333333334,25.02,24.593333333333334,24.28,23.991666666666667,23.735,23.494999999999997,23.28,1
2021-01-21,23.06666666666667,22.888333333333335,22.73833333333333,22.563333333333336,22.449999999999996,22.32666666666667,22.226666666666663,22.12166666666667,26.956666666666667,28.358333333333338,28.474999999999998,28.72,28.625,28.586666666666666,28.61,28.481666666666666,27.815000000000005,25.435,25.023333333333333,24.695,24.413333333333334,24.169999999999995,23.93166666666667,23.72833333333333,1
2021-01-22,23.533333333333335,23.351666666666667,23.20333333333333,23.048333333333336,22.934999999999995,22.81500000000001,22.718333333333327,22.625000000000004,27.57,28.77166666666667,28.756666666666668,28.741666666666667,28.621666666666663,28.565,28.638333333333335,28.57166666666667,27.97,26.4,25.915,25.56833333333333,25.265000000000008,24.98666666666666,24.726666666666667,24.491666666666664,1
2021-01-25,22.100000000000005,22.100000000000005,22.100000000000005,22.100000000000005,22.100000000000005,22.04666666666666,22.0,22.0,26.619999999999997,27.98,28.083333333333332,28.11,28.298333333333332,28.135,28.196666666666665,28.036666666666665,27.426666666666662,25.765,25.325,25.015,24.760000000000005,24.511666666666667,24.281666666666666,24.046666666666667,1
2021-01-26,23.823333333333338,23.616666666666667,23.428333333333335,23.25,23.073333333333334,22.93166666666667,22.770000000000003,22.64666666666667,26.784999999999997,28.02,28.171666666666667,28.363333333333337,28.421666666666667,28.264999999999993,28.25166666666667,28.165000000000003,27.375000000000007,25.158333333333335,24.818333333333335,24.581666666666667,24.381666666666668,24.186666666666667,23.98666666666666,23.81333333333334,1
2021-01-27,23.641666666666666,23.476666666666667,23.335000000000008,23.20166666666666,23.063333333333336,22.959999999999997,22.851666666666667,22.77666666666667,26.90833333333333,28.064999999999994,28.10833333333333,27.946666666666665,27.965,27.858333333333334,27.905,27.851666666666667,27.26333333333334,25.256666666666668,24.883333333333333,24.643333333333334,24.42833333333333,24.223333333333336,24.018333333333334,23.83666666666667,1
2021-01-28,23.65833333333333,23.516666666666666,23.363333333333337,23.24,23.108333333333334,22.991666666666667,22.881666666666664,22.781666666666673,26.673333333333332,27.721666666666664,27.631666666666664,27.72,27.745,27.721666666666668,27.546666666666667,27.756666666666668,27.153333333333332,25.150000000000002,24.56166666666667,24.240000000000002,23.958333333333336,23.693333333333335,23.436666666666667,23.218333333333334,1
2021-01-29,23.008333333333333,22.825,22.645000000000003,22.485,22.35,22.23333333333333,22.115000000000006,22.005000000000003,25.71333333333333,27.418333333333337,27.474999999999998,27.581666666666667,27.548333333333332,27.60833333333333,27.64666666666667,27.58,27.44833333333333,27.386666666666667,27.026666666666667,27.033333333333335,26.974999999999998,26.3,24.846666666666668,24.493333333333336,1
2021-02-01,21.699999999999992,21.699999999999992,21.699999999999992,21.656666666666666,21.600000000000005,21.600000000000005,21.600000000000005,26.335,27.66166666666667,27.805000000000003,27.941666666666663,28.155,28.238333333333333,28.089999999999996,28.016666666666666,27.92,27.378333333333337,25.60166666666667,25.163333333333334,24.861666666666665,24.588333333333335,24.330000000000005,24.088333333333335,23.861666666666668,1
2021-02-02,23.645,23.446666666666662,23.253333333333334,23.07166666666667,22.925,22.766666666666666,22.638333333333335,22.52333333333333,26.48666666666666,27.798333333333332,27.806666666666665,27.791666666666668,27.845000000000006,27.801666666666662,27.768333333333334,27.689999999999998,27.151666666666664,24.848333333333333,24.458333333333332,24.19666666666667,23.976666666666663,23.77,23.56833333333334,23.401666666666664,1
2021-02-03,23.246666666666663,23.076666666666668,22.95333333333333,22.825000000000006,22.729999999999993,22.620000000000005,22.52,22.446666666666662,26.378333333333334,27.93333333333333,27.94,28.043333333333337,28.074999999999996,28.068333333333335,28.01833333333333,27.996666666666663,27.446666666666673,25.745000000000005,25.308333333333337,25.0,24.740000000000002,24.491666666666664,24.263333333333335,24.043214285714285,1
2021-02-04,23.843333333333337,23.653333333333336,23.46666666666666,23.31000000000001,23.151666666666667,23.013333333333332,22.87833333333333,22.79166666666667,26.769999999999996,28.13333333333333,28.203333333333333,28.25,28.21833333333333,28.18,28.18,28.123333333333335,27.391666666666666,24.888333333333335,24.668333333333333,24.493333333333332,24.336666666666673,24.161666666666665,24.02,23.866666666666667,1
2021-02-05,23.74833333333333,23.620000000000005,23.50333333333333,23.401666666666664,23.300000000000008,23.218333333333327,23.131666666666668,23.060000000000002,27.173333333333336,28.479999999999997,28.58833333333333,28.69166666666667,28.768333333333334,28.73166666666667,28.61,28.523333333333333,27.766666666666662,25.533333333333335,25.2,24.966666666666665,24.755,24.55166666666667,24.363333333333333,24.193333333333335,1
2021-02-06,24.03,23.865000000000002,23.731666666666666,23.573333333333334,23.455,23.33166666666667,23.226666666666663,23.09666666666667,28.48833333333333,28.02833333333333,28.108333333333334,28.365000000000002,28.246666666666663,28.060000000000002,28.230000000000008,28.138333333333335,28.071666666666665,26.125,25.814999999999998,25.499999999999996,25.21166666666667,24.958333333333336,24.725,24.52095238095238,1
2021-02-07,24.33833333333334,24.16,24.009999999999994,23.851666666666667,23.714999999999996,23.553333333333335,23.434999999999995,23.30833333333334,26.174999999999997,28.084999999999997,28.1,28.26,28.33,28.298333333333332,28.19833333333333,27.35833333333333,26.24166666666667,25.880000000000003,25.551666666666666,25.281666666666666,25.015000000000004,24.79166666666667,24.580000000000002,24.395,1
2021-02-08,24.24,24.06666666666667,23.946666666666662,23.821666666666676,23.716666666666658,23.605000000000008,23.505,23.441666666666663,27.40833333333334,28.24333333333333,28.138333333333335,28.053333333333335,28.064999999999998,28.109999999999996,28.001666666666665,27.955,27.241666666666674,24.973333333333336,24.72333333333333,24.541666666666668,24.36166666666667,24.209999999999997,24.043333333333333,23.896666666666665,1
2021-02-09,23.763333333333335,23.64166666666667,23.51833333333333,23.398333333333333,23.29166666666667,23.188333333333325,23.098333333333336,23.0,26.754999999999995,27.871666666666666,27.92666666666667,27.823333333333338,27.840000000000003,27.831666666666663,27.826666666666664,27.916666666666664,27.17,25.076666666666664,24.750000000000004,24.528333333333336,24.340000000000007,24.154999999999998,23.985,23.840000000000007,1
2021-02-17,22.600000000000005,22.600000000000005,22.555000000000003,22.5,22.5,22.465,22.399999999999995,22.376666666666665,26.636666666666667,27.92833333333333,27.786666666666665,27.93,27.735,27.756666666666668,27.653333333333332,27.718333333333334,26.98,24.354999999999997,24.03,23.83666666666667,23.606666666666666,23.385000000000005,23.183333333333334,22.986666666666665,1
2021-02-18,22.820000000000004,22.64666666666667,22.474999999999998,22.341666666666672,22.21833333333333,22.078333333333333,21.993333333333332,21.886666666666667,25.800000000000004,27.59666666666667,27.648333333333333,27.715,27.613333333333337,27.631666666666668,27.695,27.64333333333333,27.273333333333333,25.619999999999997,24.988333333333337,24.615,24.278333333333332,23.935000000000002,23.605,23.311666666666667,1
2021-02-19,23.036666666666665,22.793333333333333,22.560000000000002,22.353333333333335,22.178333333333335,22.023333333333333,21.87166666666667,21.766666666666666,25.788333333333334,27.761666666666663,27.621666666666666,27.735,27.648333333333333,27.798333333333332,27.736666666666665,27.773333333333333,26.976666666666667,24.153333333333336,23.810000000000002,23.585,23.375,23.14166666666667,22.941666666666666,22.751666666666665,1
2021-02-20,22.555,22.388333333333335,22.23,22.05,21.91333333333333,21.761666666666667,21.62833333333333,21.91,28.041666666666664,27.54,27.69333333333333,27.778333333333332,27.818333333333335,27.953333333333333,27.886666666666663,27.981666666666666,26.836666666666666,23.473333333333333,23.353333333333335,23.17833333333333,22.98333333333333,22.81666666666667,22.64666666666667,22.488333333333333,1
2021-02-22,21.5,21.481666666666666,21.399999999999995,21.399999999999995,21.38333333333333,21.300000000000004,21.300000000000004,21.29666666666667,26.251666666666665,28.02166666666667,28.21833333333333,28.458333333333332,28.60333333333333,28.459999999999997,28.326666666666668,28.123333333333335,27.775,26.178333333333335,25.655,25.303333333333335,24.99333333333333,24.71666666666667,24.45,24.20666666666667,1
2021-02-23,23.991666666666664,23.79833333333334,23.611666666666665,23.44333333333333,23.268333333333334,23.143333333333334,23.03,22.944999999999997,27.341666666666665,28.85833333333333,28.860000000000003,28.876666666666665,28.811666666666664,28.705,28.71,28.593333333333334,27.870000000000005,25.164999999999996,24.915,24.705,24.503333333333334,24.330000000000005,24.156666666666666,24.016666666666662,1
2021-02-24,23.868333333333336,23.753333333333334,23.633333333333336,23.51833333333333,23.429999999999996,23.336666666666673,23.266666666666666,23.196666666666662,27.661666666666665,28.958333333333332,28.950000000000003,29.011666666666663,29.001666666666665,28.92833333333333,28.938333333333336,28.93333333333333,28.293333333333337,25.94166666666667,25.633333333333333,25.388333333333335,25.16833333333333,24.951666666666664,24.765,24.595000000000002,1
2021-02-25,24.446666666666662,24.303333333333338,24.163333333333334,24.043333333333333,23.944999999999997,23.83833333333334,23.763333333333335,23.68333333333333,28.101666666666667,29.215,29.225,29.125,28.908333333333335,28.835,28.846666666666668,28.918333333333333,28.381666666666668,26.509999999999998,26.116666666666667,25.823333333333334,25.573333333333338,25.351666666666667,25.13,24.923333333333336,1
2021-02-26,24.726666666666667,24.545,24.383333333333333,24.24833333333333,24.110000000000003,23.976666666666667,23.866666666666667,23.785000000000004,27.869999999999997,28.818333333333335,28.885,28.845000000000002,28.798333333333332,28.815,28.823333333333338,28.781666666666666,28.806666666666665,28.415,27.615000000000002,27.505,27.603333333333335,25.443333333333324,25.143333333333334,24.96333333333333,1
2021-03-02,22.600000000000005,22.600000000000005,22.600000000000005,22.633333333333333,22.699999999999992,22.699999999999992,22.610000000000007,27.581666666666667,27.756666666666668,27.845,27.770000000000003,27.791666666666664,27.74,27.73333333333333,27.733333333333334,27.76666666666667,27.28166666666667,25.778333333333336,25.215000000000003,24.881666666666668,24.576666666666668,24.294999999999995,24.02166666666667,23.788333333333334,1
2021-03-03,23.558333333333334,23.355,23.17333333333333,23.008333333333333,22.855,22.74,22.635,22.533333333333335,26.33,27.746666666666663,27.795,27.796666666666663,27.743333333333332,27.775000000000002,27.820000000000004,27.77166666666667,26.926666666666666,23.57,23.45333333333333,23.348333333333336,23.255,23.14166666666667,23.028333333333332,22.93333333333333,1
2021-03-04,22.82333333333334,22.73666666666666,22.645000000000003,22.560000000000006,22.491666666666667,22.399999999999995,22.32666666666667,22.265,26.53666666666667,27.865000000000002,27.878333333333334,27.948333333333334,28.09833333333333,28.075,28.134999999999998,27.990000000000002,27.133333333333336,24.041666666666664,23.841666666666672,23.699999999999996,23.545,23.41166666666666,23.268333333333334,23.145000000000003,1
2021-03-05,23.031666666666666,22.92166666666666,22.813333333333343,22.72166666666666,22.630000000000003,22.57,22.5,22.488333333333333,27.705,28.090000000000003,28.143333333333334,28.16166666666666,28.27666666666667,28.26166666666667,28.671666666666663,28.63,27.785000000000004,25.45166666666666,25.136666666666667,24.903333333333336,24.688333333333336,24.481666666666666,24.31166666666667,24.148333333333333,1
2021-03-08,22.100000000000005,22.066666666666663,22.003333333333337,22.0,22.0,22.0,22.0,22.0,26.726666666666667,28.075000000000003,28.04833333333334,28.119999999999997,27.93166666666667,27.913333333333334,27.958333333333332,27.96,27.47333333333333,25.68333333333333,25.206666666666667,24.896666666666672,24.633333333333333,24.39,24.151666666666664,23.945,1
2021-03-09,23.755,23.568333333333335,23.428333333333335,23.27166666666667,23.14166666666667,23.01833333333333,22.914999999999996,22.80833333333334,26.93333333333333,28.225000000000005,28.15166666666667,28.316666666666666,28.569999999999997,28.513333333333332,28.635,28.50166666666667,27.648333333333337,25.423333333333332,25.083333333333332,24.83333333333334,24.610000000000003,24.403333333333332,24.21666666666667,24.035000000000004,1
2021-03-10,23.86166666666667,23.734999999999996,23.571666666666673,23.458333333333332,23.341666666666672,23.23833333333333,23.130000000000003,23.03,27.079999999999995,28.17166666666667,28.223333333333333,28.145,28.186666666666667,28.111666666666668,28.10333333333333,28.12166666666667,27.369999999999997,24.93166666666667,24.683333333333337,24.48333333333333,24.31333333333334,24.15,23.991666666666667,23.84666666666667,1
2021-03-11,23.73333333333333,23.605000000000004,23.5,23.396666666666665,23.300000000000008,23.229999999999993,23.156666666666666,23.100000000000005,27.39666666666666,28.83,28.860000000000003,29.043333333333333,28.968333333333334,28.803333333333335,28.865000000000002,28.811666666666667,28.11333333333333,25.848333333333333,25.528333333333332,25.293333333333337,25.06,24.848333333333336,24.676666666666666,24.52166666666667,1
2021-03-12,24.361666666666668,24.24,24.103333333333335,23.974999999999994,23.848333333333336,23.741666666666664,23.630000000000003,23.513333333333332,27.641666666666666,28.820000000000004,28.808333333333334,28.888333333333335,28.833333333333336,28.665,28.628333333333334,28.53666666666667,27.71833333333333,25.335,25.113333333333333,24.948333333333327,24.775000000000002,24.61166666666667,24.459999999999997,24.32666666666667,1
2021-03-15,22.899999999999995,22.899999999999995,22.899999999999995,22.899999999999995,22.899999999999995,22.899999999999995,22.899999999999995,22.899999999999995,27.72166666666667,28.825,28.99833333333333,29.006666666666664,28.99,28.988333333333333,28.98166666666667,28.951666666666668,28.21,26.096666666666664,25.794999999999995,25.56666666666667,25.36666666666667,25.175,24.994999999999997,24.845000000000006,1
2021-03-16,24.71333333333333,24.56166666666667,24.45333333333333,24.330000000000005,24.22166666666666,24.10333333333334,24.0,23.898333333333333,28.03666666666667,28.913333333333334,29.025000000000002,29.21,29.17,29.155,29.21333333333333,29.068333333333335,28.130000000000003,25.56166666666667,25.416666666666664,25.265,25.113333333333337,24.96333333333333,24.83833333333334,24.73333333333333,1
2021-03-17,24.61833333333334,24.511666666666667,24.43166666666666,24.335000000000008,24.278333333333336,24.198333333333327,24.10333333333334,24.038333333333334,28.51,29.216666666666665,29.256666666666664,29.22,29.15,28.97833333333333,28.971666666666668,28.966666666666672,28.10833333333333,25.45833333333333,25.33166666666667,25.224999999999998,25.078333333333337,24.961666666666662,24.851666666666667,24.761666666666667,1
2021-03-18,24.665,24.558333333333337,24.471666666666664,24.373333333333335,24.29166666666667,24.191666666666663,24.100000000000005,24.003333333333334,28.155,29.041666666666664,28.958333333333332,29.00166666666667,28.948333333333334,28.95,29.034999999999997,29.041666666666664,28.386666666666667,26.46,26.198333333333334,25.979999999999993,25.78666666666667,25.57166666666667,25.36666666666667,25.18166666666667,1
2021-03-19,25.026666666666664,24.861666666666668,24.73666666666666,24.613333333333337,24.5,24.404999999999994,24.306666666666676,24.24,28.445,29.216666666666665,29.231666666666666,29.26333333333333,29.171666666666667,29.17833333333333,29.125,29.031666666666663,28.388333333333332,26.291666666666664,26.038333333333334,25.83666666666667,25.64,25.461666666666662,25.30833333333334,25.154999999999998,1
2021-03-22,23.100000000000005,23.100000000000005,23.008333333333333,23.0,22.913333333333327,22.866666666666667,22.800000000000008,22.713333333333324,26.849999999999998,27.993333333333332,27.961666666666666,27.796666666666663,27.94,27.865000000000002,27.66833333333334,27.85666666666667,26.991666666666667,24.791666666666664,24.233333333333338,23.936666666666667,23.69333333333334,23.459999999999997,23.255,23.060000000000002,1
2021-03-23,22.916666666666668,22.77166666666667,22.648333333333333,22.533333333333335,22.443333333333328,22.35,22.295000000000005,22.199999999999992,26.088333333333335,27.861666666666668,27.853333333333328,27.825000000000003,27.82,27.868333333333332,27.861666666666668,27.881666666666664,27.253333333333334,24.785000000000004,24.474999999999998,24.28,24.10833333333333,23.944999999999997,23.775,23.625,1
2021-03-24,23.458333333333332,23.303333333333338,23.14666666666667,22.993333333333332,22.865000000000002,22.751666666666665,22.631666666666668,22.523333333333333,26.531666666666666,27.925,28.03666666666667,27.936666666666667,27.85666666666667,27.718333333333334,27.733333333333334,27.861666666666665,26.751666666666665,23.060000000000002,22.955,22.85666666666667,22.758333333333333,22.64666666666667,22.528333333333332,22.419999999999995,1
2021-03-25,22.29666666666667,22.178333333333327,22.058333333333337,21.961666666666662,21.851666666666667,21.758333333333333,21.66,21.578333333333333,25.851666666666667,27.723333333333333,27.726666666666667,27.824999999999996,27.819999999999997,27.993333333333332,27.90833333333333,27.95333333333333,27.58833333333334,26.05666666666667,25.49833333333334,25.143333333333334,24.843333333333337,24.560000000000002,24.303333333333335,24.071666666666665,1
2021-03-26,23.86,23.666666666666668,23.49833333333333,23.345000000000006,23.22333333333333,23.07666666666667,22.981666666666666,22.883333333333333,27.041666666666664,28.71,28.685000000000002,28.796666666666667,28.706666666666663,28.678333333333338,28.750000000000007,28.725,27.951666666666668,24.97833333333333,24.808333333333337,24.613333333333333,24.43166666666667,24.255,24.098333333333336,23.961666666666662,1
2021-04-01,24.800000000000008,24.716666666666658,24.64666666666667,24.595000000000002,24.50166666666667,24.493333333333332,24.40166666666666,24.399999999999995,28.49166666666667,29.168333333333333,29.196666666666665,29.231666666666666,29.09833333333333,29.209999999999997,29.403333333333336,29.25166666666667,28.656666666666666,26.599999999999998,26.39833333333333,26.24,26.055000000000003,25.911666666666665,25.773333333333337,25.56,1
2021-04-02,25.199999999999992,25.128333333333334,25.06666666666667,25.0,24.95333333333333,24.891666666666666,24.800000000000008,24.741666666666664,28.561666666666667,29.366666666666667,29.23166666666667,29.121666666666663,29.148333333333333,29.106666666666666,29.144999999999996,29.071666666666665,29.026666666666667,28.691666666666666,27.733333333333338,27.758333333333333,27.64333333333333,26.311666666666675,26.15,25.738333333333333,1
2021-04-06,24.71333333333333,24.56166666666667,24.45333333333333,24.330000000000005,24.22166666666666,24.10333333333334,24.0,23.898333333333333,28.03666666666667,28.913333333333334,29.025000000000002,29.21,29.17,29.155,29.21333333333333,29.068333333333335,28.130000000000003,25.56166666666667,25.416666666666664,25.265,25.113333333333337,24.96333333333333,24.83833333333334,24.73333333333333,1
2021-04-07,24.61833333333334,24.511666666666667,24.43166666666666,24.335000000000008,24.278333333333336,24.198333333333327,24.10333333333334,24.038333333333334,28.51,29.216666666666665,29.256666666666664,29.22,29.15,28.97833333333333,28.971666666666668,28.966666666666672,28.10833333333333,25.45833333333333,25.33166666666667,25.224999999999998,25.078333333333337,24.961666666666662,24.851666666666667,24.761666666666667,1
2021-04-08,24.665,24.558333333333337,24.471666666666664,24.373333333333335,24.29166666666667,24.191666666666663,24.100000000000005,24.003333333333334,28.155,29.041666666666664,28.958333333333332,29.00166666666667,28.948333333333334,28.95,29.034999999999997,29.041666666666664,28.386666666666667,26.46,26.198333333333334,25.979999999999993,25.78666666666667,25.57166666666667,25.36666666666667,24.906666666666666,1
2021-04-09,23.86,23.666666666666668,23.49833333333333,23.345000000000006,23.22333333333333,23.07666666666667,22.981666666666666,22.883333333333333,27.041666666666664,28.71,28.685000000000002,28.796666666666667,28.706666666666663,28.678333333333338,28.750000000000007,28.725,27.951666666666668,24.97833333333333,24.808333333333337,24.613333333333333,24.43166666666667,24.255,24.098333333333336,23.961666666666662,1
2021-04-12,24.699999999999992,24.699999999999992,24.699999999999992,24.699999999999992,24.699999999999992,24.699999999999992,24.699999999999992,24.699999999999992,29.384999999999998,29.870000000000005,29.68166666666667,29.643333333333334,29.588333333333335,29.581666666666667,29.598333333333333,29.54,28.52333333333334,25.565000000000005,25.600000000000005,25.600000000000005,25.546666666666667,25.5,25.418333333333326,25.365000000000002,1
2021-04-13,25.300000000000008,25.244999999999997,25.199999999999992,25.118333333333336,25.100000000000005,25.026666666666664,25.0,25.0,29.41333333333333,29.868333333333332,29.936666666666664,29.916666666666668,29.708333333333332,29.53,29.509999999999998,29.38,28.65333333333333,26.656666666666666,26.51833333333333,26.38333333333333,26.258333333333333,26.133333333333336,26.013333333333332,25.641666666666666,1
2021-04-14,24.800000000000008,24.716666666666658,24.64666666666667,24.595000000000002,24.50166666666667,24.493333333333332,24.40166666666666,24.399999999999995,28.49166666666667,29.168333333333333,29.196666666666665,29.231666666666666,29.09833333333333,29.209999999999997,29.403333333333336,29.25166666666667,28.656666666666666,26.599999999999998,26.39833333333333,26.24,26.055000000000003,25.911666666666665,25.773333333333337,25.155,1
2021-04-15,23.533333333333335,23.351666666666667,23.20333333333333,23.048333333333336,22.934999999999995,22.81500000000001,22.718333333333327,22.625000000000004,27.57,28.77166666666667,28.756666666666668,28.741666666666667,28.621666666666663,28.565,28.638333333333335,28.57166666666667,27.97,26.4,25.915,25.56833333333333,25.265000000000008,24.98666666666666,24.726666666666667,24.491666666666664,1
2021-04-19,25.806666666666676,25.719999999999995,25.621666666666673,25.529999999999998,25.466666666666665,25.39833333333333,25.30333333333334,25.266666666666666,29.108333333333334,29.05666666666667,29.045,29.088333333333335,28.921666666666667,28.825,28.895000000000003,28.811666666666667,27.833333333333332,24.768333333333334,24.800000000000008,24.744999999999997,24.694999999999993,24.600000000000005,24.523333333333333,24.496666666666666,1
2021-04-20,24.40333333333333,24.353333333333335,24.300000000000008,24.25,24.199999999999992,24.135,24.100000000000005,24.095000000000002,28.066666666666666,29.136666666666663,29.09833333333333,29.075,29.006666666666668,29.15833333333333,29.13333333333333,29.090000000000003,28.291666666666668,25.369999999999997,25.306666666666676,25.25,25.154999999999998,25.055000000000003,24.971666666666664,24.87833333333333,1
2021-04-21,24.800000000000008,24.716666666666658,24.64666666666667,24.595000000000002,24.50166666666667,24.493333333333332,24.40166666666666,24.399999999999995,28.49166666666667,29.168333333333333,29.196666666666665,29.231666666666666,29.09833333333333,29.209999999999997,29.403333333333336,29.25166666666667,28.656666666666666,26.599999999999998,26.39833333333333,26.24,26.055000000000003,25.911666666666665,25.773333333333337,25.643333333333334,1
2021-04-22,25.523333333333333,25.418333333333326,25.30333333333334,25.214999999999993,25.11333333333334,25.03,24.97333333333333,24.899999999999995,29.758333333333333,30.028333333333336,29.976666666666667,29.976666666666667,29.976666666666667,29.761666666666667,29.800000000000004,29.73333333333333,28.90666666666667,26.10000000000001,26.075000000000006,25.97833333333333,25.863333333333333,25.755,25.64166666666667,25.53666666666667,1
2021-04-23,25.456666666666663,25.370000000000005,25.300000000000008,25.20999999999999,25.156666666666666,25.100000000000005,25.048333333333332,25.0,30.740000000000002,29.660000000000004,29.416666666666668,29.6,29.57333333333333,29.500000000000004,29.646666666666665,29.468333333333334,28.726666666666667,26.643333333333334,26.46833333333333,26.330000000000005,26.171666666666663,26.035000000000004,25.908333333333328,25.796666666666674,1
2021-04-26,24.699999999999992,24.699999999999992,24.699999999999992,24.699999999999992,24.699999999999992,24.699999999999992,24.699999999999992,24.699999999999992,29.29333333333333,29.870000000000005,29.694999999999997,29.645,29.580000000000002,29.57333333333333,29.615000000000002,29.535000000000004,28.591666666666665,25.563333333333336,25.600000000000005,25.600000000000005,25.548333333333332,25.5,25.419999999999995,25.366666666666667,1
2021-04-27,25.300000000000008,25.246666666666663,25.199999999999992,25.120000000000005,25.100000000000005,25.028333333333332,25.0,25.0,29.325,29.875,29.931666666666665,29.905,29.731666666666666,29.534999999999997,29.508333333333333,29.38833333333333,28.688333333333333,26.658333333333335,26.52,26.386666666666663,26.259999999999998,26.135,26.015,25.914999999999992,1
2021-04-28,25.806666666666676,25.719999999999995,25.621666666666673,25.529999999999998,25.466666666666665,25.39833333333333,25.30333333333334,25.266666666666666,29.30666666666667,29.876666666666665,29.873333333333328,29.778333333333332,29.685000000000002,29.623333333333328,29.60833333333333,29.540000000000003,28.714999999999996,25.620000000000005,25.600000000000005,25.558333333333337,25.5,25.426666666666662,25.34666666666667,25.29166666666667,1
2021-04-29,25.199999999999992,25.128333333333334,25.06666666666667,25.0,24.95333333333333,24.891666666666666,24.800000000000008,24.741666666666664,28.561666666666667,29.366666666666667,29.23166666666667,29.121666666666663,29.148333333333333,29.106666666666666,29.144999999999996,29.071666666666665,29.026666666666667,28.691666666666666,27.733333333333338,27.758333333333333,27.64333333333333,26.311666666666675,26.15,25.915,1
2021-05-03,24.399999999999995,24.399999999999995,24.399999999999995,24.399999999999995,24.413333333333334,24.481666666666666,24.5,26.026666666666667,30.921666666666667,29.976666666666663,29.916666666666668,30.028333333333336,29.92333333333333,29.76,29.765,29.630000000000003,28.869999999999997,26.071666666666673,26.016666666666666,25.96333333333333,25.86,25.770000000000003,25.674999999999997,25.575000000000003,0
2021-05-04,25.5,25.40333333333333,25.330000000000005,25.296666666666674,25.20499999999999,25.168333333333337,25.100000000000005,25.08666666666667,29.951666666666668,30.476666666666663,30.424999999999997,30.269999999999996,30.405,30.313333333333333,30.295,30.3,29.40666666666667,26.359999999999996,26.30833333333334,26.251666666666665,26.148333333333337,26.041666666666668,25.949999999999996,25.843333333333337,0
2021-05-05,25.768333333333334,25.684999999999995,25.600000000000005,25.516666666666666,25.490000000000002,25.399999999999995,25.365000000000002,25.300000000000008,29.925000000000004,30.201666666666668,30.04,29.796666666666667,29.633333333333336,29.361666666666665,29.27,29.16166666666667,28.681666666666665,26.93166666666667,26.71666666666666,26.54666666666667,26.391666666666662,26.25,26.098333333333336,25.961666666666662,1
2021-05-06,25.835000000000004,25.731666666666666,25.61833333333334,25.52,25.439999999999998,25.361666666666668,25.300000000000008,25.244999999999997,29.436666666666667,29.843333333333337,29.821666666666665,29.718333333333334,29.759999999999998,29.765,30.08666666666667,30.101666666666663,28.90833333333333,25.98,26.0,25.996666666666666,25.90166666666666,25.820000000000007,25.746666666666663,25.656666666666666,1
2021-05-07,25.59166666666667,25.5,25.47,25.399999999999995,25.355,25.300000000000008,25.300000000000008,25.22166666666666,30.14333333333333,30.368333333333332,30.39,30.46666666666666,30.651666666666667,30.65833333333334,30.775000000000002,30.808333333333334,29.851666666666667,26.84166666666667,26.800000000000008,26.706666666666663,26.565000000000005,26.45333333333333,26.33166666666667,26.226666666666663,1
2021-05-10,25.300000000000008,25.300000000000008,25.300000000000008,25.300000000000008,25.300000000000008,25.300000000000008,25.300000000000008,25.300000000000008,33.51166666666667,32.973333333333336,33.28,33.11166666666667,32.96000000000001,32.80333333333334,32.55499999999999,32.2,30.863333333333333,27.55666666666667,27.483333333333334,27.361666666666668,27.246666666666663,27.091666666666672,26.954999999999995,26.82666666666667,0
2021-05-11,26.719999999999995,26.603333333333342,26.5,26.414999999999992,26.32833333333334,26.268333333333334,26.196666666666662,26.106666666666673,31.47833333333333,31.96666666666667,30.88166666666667,30.83833333333333,31.715000000000003,32.83333333333333,32.738333333333344,32.519999999999996,31.261666666666667,27.85666666666667,27.773333333333337,27.63833333333334,27.483333333333327,27.343333333333337,27.221666666666664,27.070000000000004,0
2021-05-12,26.958333333333332,26.840000000000007,26.74,26.635,26.540000000000003,26.47,26.391666666666662,26.300000000000008,31.39166666666667,31.47666666666667,31.231666666666666,31.433333333333334,31.951666666666668,32.44333333333334,32.449999999999996,31.995,30.761666666666667,27.620000000000005,27.60000000000001,27.476666666666663,27.34666666666667,27.231666666666666,27.083333333333343,26.96666666666666,0
2021-05-17,26.300000000000008,26.300000000000008,26.300000000000008,26.300000000000008,26.300000000000008,26.300000000000008,26.300000000000008,27.49666666666667,34.33833333333333,34.156666666666666,33.901666666666664,33.653333333333336,33.66,33.34,33.44833333333334,33.388333333333335,32.33,28.583333333333343,28.508333333333333,28.368333333333336,28.21666666666666,28.041666666666668,27.881666666666668,27.74333333333333,0
2021-05-18,27.591666666666672,27.47833333333333,27.37333333333333,27.29833333333334,27.199999999999992,27.125000000000004,27.053333333333338,27.0,32.065,34.05166666666666,33.59166666666667,33.625,33.553333333333335,33.146666666666675,32.510000000000005,31.42,30.726666666666663,27.526666666666667,27.60000000000001,27.525,27.490000000000002,27.389999999999997,27.29833333333334,27.20499999999999,0
2021-05-19,27.11333333333334,27.040000000000003,26.990000000000002,26.89999999999999,26.843333333333337,26.800000000000008,26.746666666666666,26.699999999999992,32.031666666666666,34.00333333333333,33.45666666666666,33.365,33.64666666666667,33.156666666666666,31.80333333333333,32.29333333333333,31.543333333333337,28.39999999999999,28.336666666666673,28.23,28.066666666666674,27.939999999999994,27.786666666666676,27.651666666666667,0
2021-05-20,27.52166666666667,27.40666666666666,27.29833333333334,27.196666666666662,27.101666666666677,27.013333333333332,26.95166666666666,26.89999999999999,31.976666666666667,33.05833333333333,32.91833333333333,32.64,32.48166666666667,32.641666666666666,32.74166666666666,31.84166666666666,30.11333333333333,27.24,29.55166666666667,28.040000000000003,27.391666666666666,26.15833333333333,26.300000000000008,26.300000000000008,0
2021-05-21,26.300000000000008,26.300000000000008,26.300000000000008,26.224999999999994,26.199999999999992,26.176666666666666,26.10000000000001,26.10000000000001,31.65,33.148333333333326,33.06,32.875,32.235,32.015,32.31833333333333,32.346666666666664,31.108333333333327,27.845,27.845000000000002,27.796666666666674,27.684999999999995,27.568333333333335,27.471666666666664,27.36,0
2021-05-24,26.39999999999999,26.39999999999999,26.39999999999999,26.39999999999999,26.39999999999999,26.39999999999999,26.39999999999999,26.39999999999999,34.05333333333333,34.23499999999999,34.54833333333333,34.44499999999999,34.01166666666667,33.24666666666667,32.38999999999999,32.583333333333336,31.343333333333334,27.87333333333333,27.89999999999999,27.84666666666667,27.755,27.640000000000004,27.52166666666667,27.42666666666666,0
2021-05-25,27.320000000000007,27.24,27.158333333333335,27.096666666666675,27.0,26.976666666666667,26.89999999999999,26.89666666666666,31.715000000000003,32.765,31.955,32.123333333333335,32.08666666666667,32.248333333333335,32.468333333333334,31.721666666666668,30.251666666666665,26.891666666666666,27.04666666666667,27.10000000000001,27.095000000000006,27.005,26.99833333333333,26.903333333333325,0
2021-05-26,26.869999999999997,26.800000000000008,26.788333333333338,26.699999999999992,26.699999999999992,26.620000000000008,26.60000000000001,26.60000000000001,31.708333333333336,33.28333333333333,32.855,32.945,32.575,32.465,32.785,32.083333333333336,30.653333333333332,30.58833333333333,28.044999999999995,27.97,27.86333333333334,26.679999999999993,26.763333333333335,26.734999999999996,0
2021-05-27,26.699999999999992,26.633333333333336,26.586666666666673,26.5,26.476666666666667,26.39999999999999,26.34666666666667,26.300000000000008,31.485,32.40166666666667,31.703333333333337,32.67666666666667,32.518333333333324,32.23833333333333,31.933333333333337,32.25833333333333,30.773333333333333,27.55333333333334,27.60000000000001,27.591666666666672,27.5,27.416666666666657,27.32666666666667,27.251666666666665,0
2021-05-28,27.161666666666665,27.090000000000007,27.0,26.95333333333333,26.89999999999999,26.811666666666675,26.800000000000008,26.743333333333332,32.123333333333335,33.328333333333326,32.79,32.84,32.41833333333333,32.656666666666666,32.760000000000005,32.64833333333333,31.38,27.700000000000006,27.800000000000008,27.800000000000008,27.756666666666668,27.656666666666666,27.56166666666667,27.483333333333334,0
2021-05-29,27.394999999999992,27.300000000000008,27.23333333333333,27.165,27.10000000000001,27.026666666666667,27.0,29.61,28.16166666666667,28.18,28.020000000000003,28.081666666666667,28.083333333333332,28.04833333333334,28.03666666666666,27.72833333333333,25.87,26.061666666666675,26.125000000000004,26.199999999999992,26.199999999999992,26.199999999999992,26.174999999999997,26.10000000000001,1
2021-05-30,26.10000000000001,26.10000000000001,26.10000000000001,26.093333333333337,26.013333333333335,26.0,26.0,26.796666666666667,29.566666666666666,28.196666666666665,28.19333333333333,28.175000000000004,28.333333333333332,28.176666666666666,27.83,27.93166666666667,27.93666666666667,27.851666666666663,27.96333333333334,25.764999999999997,25.97,26.031666666666673,26.10000000000001,26.10000000000001,1
2021-05-31,26.075000000000006,26.0,26.0,26.0,26.0,25.993333333333332,25.918333333333326,25.898333333333326,32.56833333333333,30.78666666666667,30.700000000000003,30.543333333333337,30.371666666666666,30.275000000000002,30.304999999999996,30.22833333333333,29.235000000000003,29.096666666666668,28.618333333333332,28.508333333333333,28.520000000000003,26.785,26.300000000000008,26.305000000000007,0
2021-06-01,26.300000000000008,26.300000000000008,26.24,26.199999999999992,26.12333333333334,26.10000000000001,26.01833333333333,26.0,31.03833333333333,31.484999999999992,31.25166666666667,31.65333333333333,32.345,31.731666666666666,31.47333333333333,31.24,30.886666666666663,28.0,27.924999999999994,27.808333333333337,27.66,27.523333333333333,27.37333333333333,27.256666666666668,0
2021-06-02,27.13833333333334,27.02,26.928333333333327,26.83166666666667,26.759999999999998,26.684999999999995,26.60000000000001,26.53666666666667,31.766666666666666,32.54666666666667,32.39833333333334,32.563333333333325,32.431666666666665,32.251666666666665,32.095000000000006,31.814999999999998,30.668333333333337,27.66833333333333,27.606666666666673,27.540000000000003,27.448333333333327,27.335000000000004,27.234999999999996,27.121666666666673,0
2021-06-04,27.17833333333333,27.08166666666667,27.0,26.92666666666666,26.865000000000002,26.800000000000008,26.744999999999997,26.699999999999992,32.46166666666666,34.03166666666667,34.108333333333334,33.80166666666668,33.11,32.290000000000006,31.094999999999995,30.849999999999994,30.53,30.01833333333333,28.854999999999997,28.458333333333332,28.438333333333336,26.168333333333333,26.178333333333324,26.199999999999992,0
2021-06-05,26.199999999999992,26.199999999999992,26.163333333333334,26.10000000000001,26.070000000000004,26.0,26.0,29.291666666666664,29.168333333333333,29.266666666666666,29.203333333333337,29.19833333333333,29.178333333333335,28.94666666666667,28.486666666666668,28.520000000000003,28.46166666666666,27.523333333333333,25.586666666666666,25.781666666666673,25.848333333333333,25.88166666666666,25.800000000000008,25.765,1
2021-06-06,25.68166666666666,25.600000000000005,25.600000000000005,25.57,25.50166666666667,25.5,25.5,27.626666666666665,27.921666666666667,27.79,27.800000000000004,27.741666666666667,27.796666666666667,27.815,27.775000000000002,27.741666666666667,27.763333333333332,27.79,26.108333333333338,26.19666666666666,26.199999999999992,26.106666666666673,26.068333333333335,26.0,1
2021-06-07,25.93833333333333,25.89666666666666,25.80333333333334,25.800000000000008,25.724999999999994,25.699999999999992,25.656666666666666,25.600000000000005,32.57,31.548333333333332,31.694999999999997,31.738333333333337,31.68166666666667,31.325000000000003,31.188333333333333,30.65,29.47,26.698333333333334,26.800000000000008,26.714999999999993,26.673333333333332,26.595000000000006,26.5,26.434999999999995,0
2021-06-08,26.366666666666667,26.300000000000008,26.24833333333333,26.199999999999992,26.13666666666667,26.10000000000001,26.07333333333334,26.0,31.658333333333335,32.37833333333334,31.80333333333333,31.633333333333333,31.93,32.11333333333333,32.403333333333336,32.61333333333334,30.881666666666664,27.07333333333334,27.10000000000001,27.10000000000001,27.008333333333333,26.933333333333326,26.843333333333337,26.766666666666666,0
2021-06-09,26.68833333333333,26.60000000000001,26.506666666666668,26.476666666666667,26.39999999999999,26.33166666666667,26.300000000000008,26.29166666666667,31.76333333333333,32.89,32.28666666666666,32.245000000000005,32.276666666666664,32.33833333333334,32.38333333333334,32.08,31.03333333333333,27.85333333333333,27.79833333333334,27.67833333333333,27.551666666666673,27.436666666666664,27.305000000000007,27.176666666666666,0
2021-06-10,27.06666666666667,26.97,26.87333333333333,26.79833333333334,26.70666666666666,26.640000000000004,26.586666666666673,26.5,31.711666666666666,32.24,31.91166666666667,32.160000000000004,32.53833333333333,32.29833333333333,31.995,32.04833333333333,30.32,27.225,27.300000000000008,27.273333333333337,27.199999999999992,27.121666666666673,27.043333333333337,26.991666666666664,0
2021-06-11,26.89999999999999,26.82666666666667,26.793333333333337,26.699999999999992,26.66,26.60000000000001,26.575000000000003,26.5,31.86333333333333,32.83,32.66666666666666,32.94499999999999,32.638333333333335,32.553333333333335,32.535,32.44333333333333,30.941666666666666,27.66166666666666,27.699999999999992,27.63166666666667,27.54666666666667,27.454999999999995,27.346666666666668,27.261666666666667,0
2021-06-12,27.16833333333333,27.08333333333334,27.0,26.929999999999996,26.876666666666665,26.800000000000008,26.768333333333334,26.699999999999992,30.001666666666665,28.348333333333336,26.38666666666667,29.691666666666666,30.14833333333333,29.951666666666664,29.52333333333333,29.395,29.11833333333334,28.88833333333334,28.238333333333337,27.00166666666667,27.00166666666667,26.974999999999998,26.874999999999996,26.78,1
2021-06-15,26.0,25.914999999999996,25.875,25.800000000000008,25.79833333333334,25.703333333333322,25.699999999999992,25.699999999999992,31.748333333333335,34.056666666666665,33.46666666666667,33.51166666666666,33.41833333333334,32.93666666666667,33.089999999999996,32.983333333333334,31.848333333333333,32.21333333333334,28.94333333333333,28.76,26.815,26.798333333333343,26.800000000000008,26.800000000000008,0
2021-06-16,26.734999999999996,26.693333333333328,26.60000000000001,26.540000000000003,26.5,26.441666666666663,26.39999999999999,26.33166666666667,32.08833333333334,33.97833333333334,33.36833333333333,33.19833333333334,33.25,33.05500000000001,33.11999999999999,32.81166666666667,31.408333333333335,27.965,27.66166666666666,27.699999999999992,27.676666666666666,27.543333333333337,27.384999999999998,27.244999999999997,0
2021-06-17,27.083333333333336,26.961666666666662,26.841666666666672,26.73833333333333,26.630000000000003,26.53,26.47,26.39999999999999,31.956666666666663,33.58833333333334,33.251666666666665,33.13666666666666,33.028333333333336,33.08333333333334,33.09,33.11333333333333,31.688333333333336,28.653333333333332,28.603333333333342,28.505,28.368333333333332,28.246666666666666,28.10333333333334,27.97833333333333,0
2021-06-18,27.863333333333333,27.768333333333334,27.668333333333333,27.57333333333334,27.5,27.414999999999996,27.35,27.300000000000008,32.19833333333334,33.78333333333333,33.33166666666666,33.203333333333326,33.08833333333334,33.07833333333333,33.27166666666667,32.961666666666666,31.771666666666672,28.426666666666666,28.40499999999999,28.36,28.270000000000003,28.156666666666666,28.043333333333337,27.949999999999996,0
2021-06-21,27.00166666666667,26.90499999999999,26.80833333333334,26.746666666666663,26.68333333333333,26.60000000000001,26.556666666666672,28.006666666666668,34.345000000000006,34.035,33.64333333333333,33.65833333333334,33.565000000000005,33.39833333333333,33.33833333333334,33.205,33.196666666666665,32.14,28.465000000000003,28.581666666666663,26.638333333333335,26.84,26.89999999999999,26.89999999999999,0
2021-06-22,26.89999999999999,26.89999999999999,26.89999999999999,26.836666666666673,26.800000000000008,26.800000000000008,26.800000000000008,28.186666666666675,34.33,33.38666666666666,33.30833333333334,33.29333333333334,32.86333333333332,32.84166666666667,33.03666666666667,32.12166666666667,31.945,28.888333333333335,28.0,28.0,28.0,27.903333333333325,27.81500000000001,27.753333333333334,0
2021-06-23,27.669999999999998,27.60000000000001,27.50333333333333,27.476666666666667,27.39999999999999,27.345000000000002,27.300000000000008,28.385000000000005,33.28333333333333,31.65333333333333,31.755000000000003,31.628333333333337,31.666666666666664,31.128333333333337,30.665000000000006,30.343333333333334,30.191666666666663,27.46166666666667,26.776666666666664,26.919999999999995,27.0,27.0,27.0,27.0,0
2021-06-24,27.0,26.92666666666666,26.89999999999999,26.89999999999999,26.89999999999999,26.858333333333334,26.800000000000008,27.95666666666667,33.236666666666665,31.311666666666667,30.843333333333334,30.735000000000003,30.87666666666666,30.938333333333333,30.87,30.506666666666668,29.630000000000006,26.98166666666667,27.123333333333342,27.199999999999992,27.199999999999992,27.105000000000008,27.10000000000001,27.026666666666667,0
2021-06-25,27.0,26.96333333333333,26.89999999999999,26.894999999999992,26.80333333333334,26.800000000000008,26.800000000000008,28.02166666666666,32.61666666666667,31.451666666666664,31.188333333333336,31.21333333333333,31.45,31.484999999999996,31.24,30.956666666666667,30.78333333333334,27.915000000000003,27.189999999999994,27.290000000000006,27.223333333333326,27.199999999999992,27.115000000000006,27.065000000000005,0
2021-06-28,26.263333333333335,26.169999999999998,26.096666666666675,26.0,25.964999999999996,25.89999999999999,25.863333333333337,27.330000000000005,33.39833333333333,32.68333333333334,32.54833333333334,32.48,32.474999999999994,31.994999999999997,31.886666666666667,31.683333333333334,30.666666666666664,27.526666666666664,26.750000000000004,26.856666666666666,26.89999999999999,26.89999999999999,26.853333333333335,26.800000000000008,0
2021-06-29,26.800000000000008,26.768333333333338,26.699999999999992,26.699999999999992,26.671666666666663,26.60000000000001,26.60000000000001,27.976666666666674,33.81,33.02666666666667,33.135000000000005,32.87666666666667,32.56333333333334,32.156666666666666,32.175,31.951666666666664,31.298333333333336,28.085000000000004,27.263333333333335,27.300000000000008,27.301666666666673,27.300000000000008,27.28666666666667,27.199999999999992,0
2021-06-30,27.166666666666668,27.10000000000001,27.065000000000005,27.0,27.0,26.933333333333326,26.89999999999999,28.203333333333326,33.75833333333333,33.15833333333333,33.075,33.32333333333334,33.013333333333335,32.62833333333334,32.72333333333333,32.711666666666666,32.49333333333333,31.06333333333333,30.135,29.71,29.685000000000006,29.245,26.784999999999997,26.974999999999998,0
2021-07-01,27.0,27.0,27.0,27.0,26.918333333333326,26.89999999999999,26.840000000000007,28.06833333333334,32.69333333333333,31.469999999999995,31.60666666666667,31.76666666666667,32.68833333333333,32.696666666666665,32.775000000000006,32.57333333333334,31.23,27.806666666666665,27.89999999999999,27.89999999999999,27.89999999999999,27.81000000000001,27.766666666666666,27.693333333333328,0
2021-07-02,27.60000000000001,27.528333333333336,27.5,27.414999999999992,27.398333333333326,27.301666666666677,27.300000000000008,28.575000000000003,33.98833333333334,33.19166666666667,32.91833333333334,33.254999999999995,33.91833333333333,33.90833333333333,33.69,33.34166666666667,33.03666666666667,29.715,28.798333333333343,28.73833333333333,28.63666666666667,28.506666666666668,28.375,28.263333333333335,0
2021-07-05,26.81500000000001,26.724999999999994,26.63666666666667,26.558333333333337,26.5,26.42666666666666,26.39999999999999,27.683333333333337,33.983333333333334,33.08,32.964999999999996,33.12166666666667,32.875,32.781666666666666,32.73833333333333,32.833333333333336,32.67333333333333,29.295,28.296666666666678,28.263333333333335,28.171666666666663,28.06166666666667,27.961666666666662,27.856666666666666,0
2021-07-06,27.775000000000006,27.68333333333333,27.60000000000001,27.50333333333333,27.47,27.39999999999999,27.336666666666673,28.461666666666673,33.99166666666667,33.45166666666666,33.23500000000001,34.22,34.983333333333334,35.038333333333334,33.80833333333334,33.39833333333333,33.11,29.96666666666667,28.93666666666666,28.893333333333327,28.77666666666667,28.645000000000003,28.508333333333333,28.369999999999997,0
2021-07-07,28.258333333333333,28.145000000000003,28.035000000000004,27.95333333333333,27.858333333333334,27.793333333333337,27.699999999999992,28.80666666666667,33.949999999999996,33.265,33.04833333333333,33.615,33.30166666666667,33.269999999999996,32.85666666666666,32.695,32.591666666666676,29.213333333333328,28.27666666666667,28.300000000000008,28.275000000000006,28.189999999999998,28.08333333333334,28.0,0
2021-07-08,27.88333333333333,27.800000000000008,27.708333333333325,27.654999999999998,27.60000000000001,27.515,27.5,28.65333333333333,34.02833333333333,33.279999999999994,33.089999999999996,34.02,33.989999999999995,33.82833333333334,33.295,32.91166666666667,31.548333333333336,28.278333333333332,28.39999999999999,28.39999999999999,28.32666666666667,28.258333333333333,28.168333333333333,28.078333333333337,0
2021-07-09,28.0,27.913333333333327,27.845000000000002,27.800000000000008,27.71166666666666,27.68166666666666,27.60000000000001,28.785000000000007,33.833333333333336,33.06166666666667,32.78,33.00333333333334,33.334999999999994,33.02833333333333,32.775,32.743333333333325,32.67,28.856666666666666,27.971666666666664,28.08000000000001,28.063333333333336,28.0,27.958333333333332,27.88833333333333,0
2021-07-11,26.5,26.5,26.5,26.486666666666665,26.40166666666666,26.39999999999999,26.39999999999999,29.564999999999994,28.501666666666665,28.65833333333334,28.593333333333334,29.03333333333333,29.483333333333334,29.395000000000003,28.821666666666665,28.731666666666666,29.29333333333333,27.795,26.82166666666667,26.89999999999999,26.89999999999999,26.89999999999999,26.883333333333333,26.800000000000008,1
2021-07-12,26.800000000000008,26.728333333333328,26.699999999999992,26.665000000000003,26.60000000000001,26.60000000000001,26.591666666666676,27.950000000000003,33.845,33.715,33.52166666666667,34.30166666666666,34.193333333333335,33.32666666666667,33.83166666666666,33.849999999999994,33.678333333333335,29.901666666666664,28.861666666666665,28.80833333333334,28.734999999999996,28.595000000000006,28.46833333333333,28.343333333333337,0
2021-07-13,28.23833333333333,28.128333333333337,28.02166666666667,27.946666666666662,27.865000000000002,27.800000000000008,27.72166666666666,28.79666666666666,33.815,33.48,33.01833333333334,32.92333333333334,32.833333333333336,33.199999999999996,33.64666666666667,32.92333333333333,32.53833333333333,28.96166666666667,28.021666666666672,28.10000000000001,28.10000000000001,28.065000000000005,28.0,27.92166666666666,0
2021-07-14,27.856666666666666,27.800000000000008,27.728333333333328,27.691666666666663,27.60000000000001,27.591666666666672,27.5,28.498333333333335,33.69166666666666,33.21666666666667,33.133333333333326,32.855,32.80833333333334,32.60333333333333,32.64666666666666,32.65166666666667,30.908333333333335,27.630000000000003,26.916666666666668,27.095000000000006,27.199999999999992,27.209999999999994,27.288333333333345,27.29833333333334,0
2021-07-15,27.268333333333338,27.201666666666657,27.199999999999992,27.199999999999992,27.199999999999992,27.199999999999992,27.140000000000004,28.226666666666674,33.718333333333334,33.165,32.91833333333332,32.513333333333335,32.46666666666667,32.27,32.233333333333334,32.08833333333333,31.903333333333325,28.663333333333334,27.775000000000006,27.889999999999993,27.89999999999999,27.82666666666667,27.800000000000008,27.73666666666666,0
2021-07-16,27.696666666666662,27.60000000000001,27.573333333333334,27.5,27.5,27.41999999999999,27.39999999999999,28.464999999999993,33.655,32.644999999999996,32.335,32.30666666666666,32.07,31.583333333333336,31.766666666666666,31.73166666666667,31.259999999999998,28.026666666666664,27.265000000000004,27.398333333333326,27.444999999999993,27.494999999999997,27.42333333333333,27.39999999999999,0
2021-07-19,26.620000000000008,26.55166666666667,26.5,26.424999999999994,26.39999999999999,26.335000000000004,26.300000000000008,27.670000000000005,33.720000000000006,33.623333333333335,33.413333333333334,33.208333333333336,33.27,33.400000000000006,33.57666666666667,33.25,32.766666666666666,29.71166666666667,28.70666666666666,28.689999999999998,28.570000000000004,28.45666666666666,28.330000000000005,28.22166666666666,0
2021-07-20,28.10166666666667,28.0,27.908333333333328,27.813333333333343,27.751666666666665,27.68666666666666,27.60000000000001,28.726666666666674,33.71166666666666,33.611666666666665,33.395,33.17666666666666,33.144999999999996,32.985,33.04833333333333,32.934999999999995,32.83166666666667,29.233333333333334,28.133333333333333,28.199999999999992,28.188333333333325,28.10000000000001,28.035000000000004,27.988333333333333,0
2021-07-21,27.89999999999999,27.825000000000006,27.800000000000008,27.708333333333325,27.68166666666666,27.60000000000001,27.58333333333334,28.585,33.61666666666667,33.305,33.22,32.82833333333333,32.47,32.583333333333336,32.653333333333336,32.745000000000005,32.616666666666674,29.503333333333337,28.585000000000008,28.60000000000001,28.53,28.448333333333327,28.335000000000004,28.241666666666664,0
2021-07-22,28.13833333333334,28.038333333333334,27.97333333333333,27.89999999999999,27.805000000000007,27.78333333333334,27.699999999999992,28.731666666666662,33.57833333333333,32.86,32.705,32.55833333333333,32.39,32.56666666666667,32.51666666666667,32.43333333333334,32.49333333333333,29.40833333333334,28.566666666666674,28.54833333333334,28.476666666666667,28.366666666666667,28.263333333333335,28.151666666666667,0
2021-07-23,28.043333333333337,27.96333333333333,27.874999999999996,27.800000000000008,27.72166666666666,27.663333333333334,27.60000000000001,28.568333333333335,33.33166666666666,32.615,32.535000000000004,32.435,32.21666666666667,32.09,31.996666666666663,32.17666666666666,32.015,29.44166666666667,28.674999999999997,28.64666666666667,28.54833333333334,28.43833333333333,28.31833333333334,28.214999999999993,0
2021-07-26,26.449999999999992,26.35333333333333,26.288333333333338,26.199999999999992,26.128333333333337,26.10000000000001,26.005,27.525,33.49166666666667,33.05333333333333,33.01833333333333,32.865,32.95333333333333,33.07833333333333,33.10166666666667,32.708333333333336,32.631666666666675,29.47333333333333,28.515,28.496666666666666,28.369999999999997,28.24833333333333,28.10666666666667,27.97333333333333,0
2021-07-27,27.855,27.759999999999998,27.653333333333332,27.560000000000006,27.496666666666666,27.39999999999999,27.325000000000006,28.413333333333338,33.61166666666667,33.368333333333325,33.22333333333333,33.06333333333333,33.34166666666667,33.95666666666666,32.90666666666667,33.28666666666667,33.25,29.281666666666666,28.281666666666673,28.300000000000008,28.216666666666658,28.125000000000004,28.028333333333336,27.936666666666664,0
2021-07-28,27.835000000000004,27.763333333333335,27.68833333333333,27.60000000000001,27.515,27.486666666666665,27.39999999999999,28.698333333333327,33.82333333333333,33.73166666666666,33.33333333333333,33.76833333333333,34.01166666666667,34.02666666666667,33.864999999999995,32.843333333333334,32.575,29.600000000000005,28.699999999999992,28.681666666666665,28.565000000000005,28.448333333333327,28.321666666666676,28.18833333333333,0
2021-07-29,28.071666666666673,27.97833333333333,27.88166666666666,27.800000000000008,27.71166666666666,27.63833333333334,27.580000000000005,28.65,33.516666666666666,33.516666666666666,33.33666666666667,34.055,34.266666666666666,33.66833333333334,32.903333333333336,32.775000000000006,32.45666666666666,29.056666666666665,28.164999999999996,28.199999999999992,28.199999999999992,28.101666666666677,28.025000000000002,27.961666666666662,0
2021-07-30,27.879999999999995,27.800000000000008,27.728333333333328,27.673333333333332,27.60000000000001,27.53,27.5,28.58,33.46333333333334,33.40166666666667,32.849999999999994,32.76166666666667,33.05833333333334,32.89333333333334,32.69,32.50333333333334,32.56999999999999,31.87166666666667,29.906666666666666,29.84333333333334,29.184999999999995,28.793333333333333,27.256666666666668,26.87,0
2021-08-02,26.541666666666668,26.458333333333332,26.37333333333333,26.300000000000008,26.23333333333333,26.199999999999992,26.10833333333334,27.52333333333334,33.41833333333333,33.16166666666667,33.10166666666666,32.86,32.39166666666666,32.346666666666664,32.49166666666666,32.501666666666665,32.475,29.476666666666667,28.561666666666675,28.485,28.358333333333334,28.224999999999998,28.060000000000006,27.943333333333328,0
2021-08-03,27.825000000000006,27.72166666666666,27.611666666666675,27.513333333333332,27.43833333333333,27.363333333333333,27.300000000000008,28.36333333333333,33.32833333333334,32.940000000000005,32.795,32.60333333333333,32.335,32.458333333333336,32.394999999999996,32.333333333333336,32.368333333333325,29.608333333333334,28.698333333333327,28.580000000000005,28.459999999999997,28.321666666666673,28.163333333333334,28.040000000000003,0
2021-08-04,27.923333333333325,27.801666666666673,27.699999999999992,27.598333333333343,27.5,27.43166666666666,27.355,28.37333333333334,33.349999999999994,33.013333333333335,32.73166666666666,32.623333333333335,32.99833333333333,32.72833333333334,32.49666666666667,32.37833333333333,32.376666666666665,29.55166666666667,28.703333333333326,28.674999999999997,28.543333333333337,28.405,28.265,28.133333333333336,0
2021-08-05,28.011666666666667,27.893333333333327,27.800000000000008,27.703333333333322,27.606666666666673,27.52,27.47,28.478333333333325,33.236666666666665,33.02333333333334,32.72333333333333,32.68,32.595000000000006,32.35666666666666,32.373333333333335,31.943333333333335,31.67833333333334,28.45833333333333,27.738333333333337,27.800000000000008,27.79833333333334,27.701666666666657,27.645000000000003,27.57833333333334,0
2021-08-06,27.5,27.443333333333328,27.394999999999992,27.300000000000008,27.300000000000008,27.208333333333325,27.199999999999992,28.225,33.30166666666667,32.141666666666666,31.408333333333335,31.238333333333333,31.455000000000002,31.65333333333333,32.03666666666667,32.04333333333334,31.97666666666666,29.42,28.60000000000001,28.563333333333336,28.448333333333327,28.300000000000004,28.156666666666666,28.02666666666667,0
2021-08-10,27.79166666666667,27.663333333333334,27.538333333333334,27.44166666666666,27.33166666666667,27.255,27.173333333333332,28.145000000000007,33.40833333333333,33.111666666666665,32.931666666666665,32.986666666666665,32.79166666666667,32.376666666666665,32.608333333333334,32.406666666666666,32.59833333333333,29.503333333333334,28.5,28.439999999999994,28.306666666666672,28.151666666666667,28.004999999999995,27.861666666666668,0
2021-08-11,27.74833333333333,27.633333333333336,27.52,27.433333333333326,27.335000000000004,27.275000000000002,27.199999999999992,28.126666666666672,33.20666666666666,32.72833333333333,32.675,32.765,32.90333333333333,32.85333333333333,32.73500000000001,32.40833333333333,32.45333333333333,29.705,28.800000000000008,28.714999999999996,28.541666666666668,28.363333333333333,28.211666666666666,28.053333333333335,0
2021-08-12,27.929999999999996,27.80500000000001,27.683333333333326,27.573333333333338,27.491666666666664,27.394999999999992,27.300000000000008,28.226666666666667,33.038333333333334,32.531666666666666,32.99333333333334,33.196666666666665,33.223333333333336,33.05333333333333,33.120000000000005,33.205000000000005,32.845000000000006,29.508333333333333,28.39999999999999,28.37333333333333,28.266666666666666,28.13666666666667,27.99,27.861666666666668,0
2021-08-13,27.75333333333333,27.64166666666667,27.543333333333337,27.46333333333333,27.37833333333333,27.300000000000008,27.22666666666666,28.204999999999995,33.25666666666667,33.18666666666667,32.79833333333333,32.699999999999996,32.96,32.72333333333333,32.26999999999999,32.220000000000006,31.965,29.08833333333334,28.245,28.20499999999999,28.130000000000006,28.015,27.891666666666666,27.788333333333338,0
2021-08-16,26.234999999999996,26.13833333333334,26.06166666666667,26.0,25.913333333333327,25.88833333333333,25.800000000000008,27.28666666666667,33.903333333333336,33.715,33.62333333333334,33.971666666666664,34.03666666666667,33.32666666666666,33.32333333333334,33.21666666666667,33.248333333333335,29.130000000000006,27.91833333333333,27.903333333333325,27.851666666666667,27.766666666666666,27.656666666666666,27.55166666666667,0
2021-08-17,27.46666666666666,27.371666666666663,27.300000000000008,27.21166666666666,27.150000000000002,27.095000000000006,27.0,27.08833333333333,31.875000000000007,33.75833333333333,33.788333333333334,33.385000000000005,33.35666666666667,33.666666666666664,34.20666666666666,33.776666666666664,33.24166666666667,29.14833333333333,28.06500000000001,28.068333333333335,28.0,27.90166666666666,27.79833333333334,27.699999999999992,0
2021-08-18,27.596666666666675,27.5,27.43166666666666,27.35666666666667,27.300000000000008,27.224999999999994,27.18833333333333,28.145000000000007,33.81166666666667,33.678333333333335,32.23666666666667,33.43833333333333,33.33333333333333,33.16166666666666,31.583333333333332,31.140000000000008,31.12333333333334,27.938333333333336,27.04166666666667,27.18499999999999,27.199999999999992,27.199999999999992,27.199999999999992,27.10833333333334,0
2021-08-19,27.10000000000001,27.016666666666666,27.0,26.986666666666665,26.89999999999999,26.89999999999999,26.884999999999998,27.79666666666667,32.836666666666666,32.10333333333334,32.364999999999995,32.71666666666667,32.660000000000004,32.501666666666665,32.22666666666666,30.495,30.331666666666663,27.606666666666673,26.93333333333333,27.056666666666672,27.10000000000001,27.10000000000001,27.10000000000001,27.053333333333338,0
2021-08-20,27.0,27.0,26.974999999999998,26.89999999999999,26.89999999999999,26.871666666666666,26.800000000000008,27.781666666666673,32.788333333333334,32.23166666666667,32.303333333333335,32.75166666666666,32.74333333333333,32.711666666666666,32.641666666666666,32.743333333333325,32.55833333333334,29.10166666666667,28.085000000000008,28.076666666666675,27.99833333333333,27.89333333333333,27.79833333333334,27.689999999999998,0
2021-08-23,26.481666666666666,26.38166666666666,26.300000000000008,26.20666666666666,26.13833333333334,26.098333333333343,26.00166666666667,27.27,33.29333333333333,33.276666666666664,33.24666666666666,33.181666666666665,32.98833333333333,32.708333333333336,33.00833333333333,32.711666666666666,32.68333333333333,29.37333333333334,28.38666666666666,28.30833333333334,28.22333333333333,28.065000000000005,27.949999999999992,27.825000000000006,0
2021-08-24,27.716666666666658,27.595000000000006,27.5,27.413333333333327,27.321666666666676,27.265,27.198333333333327,28.141666666666673,33.245,33.22666666666667,33.733333333333334,33.67166666666667,34.00000000000001,33.946666666666665,33.82333333333334,33.211666666666666,32.14333333333333,29.038333333333338,27.996666666666666,28.00166666666667,28.0,27.90499999999999,27.81000000000001,27.72166666666666,0
2021-08-25,27.620000000000008,27.53,27.466666666666665,27.391666666666662,27.300000000000008,27.26,27.199999999999992,28.17,33.515,33.50833333333333,33.34166666666667,33.19333333333333,33.598333333333336,33.80166666666666,33.865,33.324999999999996,32.62833333333334,28.945000000000004,27.878333333333327,27.906666666666663,27.89999999999999,27.83333333333334,27.77166666666667,27.68333333333333,0
2021-08-26,27.598333333333343,27.5,27.448333333333327,27.393333333333327,27.301666666666673,27.296666666666674,27.201666666666657,28.228333333333328,33.70333333333333,33.645,33.58,33.529999999999994,32.71166666666666,32.42333333333333,32.17,31.833333333333336,31.955,28.556666666666665,27.556666666666676,27.643333333333334,27.648333333333333,27.60000000000001,27.560000000000006,27.5,0
2021-08-27,27.441666666666663,27.39999999999999,27.31000000000001,27.300000000000008,27.23666666666666,27.199999999999992,27.155,28.161666666666676,33.32833333333333,33.175,32.611666666666665,32.68333333333334,32.885000000000005,33.18,33.29833333333333,33.22666666666667,33.128333333333345,29.77666666666667,28.669999999999998,28.633333333333336,28.53,28.40333333333333,28.275000000000002,28.148333333333337,0
2021-08-30,26.300000000000008,26.234999999999996,26.199999999999992,26.17333333333333,26.10000000000001,26.10000000000001,26.10000000000001,27.485000000000007,33.388333333333335,33.470000000000006,33.51833333333333,33.55833333333334,33.52166666666666,33.72666666666667,33.730000000000004,33.70166666666667,33.46666666666667,29.66333333333333,28.5,28.5,28.391666666666662,28.268333333333334,28.145000000000003,28.02166666666667,0
2021-08-31,27.916666666666657,27.806666666666676,27.718333333333327,27.62333333333334,27.541666666666668,27.5,27.40666666666666,28.53333333333333,33.60333333333333,33.72500000000001,33.695,33.69666666666667,33.705,33.541666666666664,33.505,33.54,33.54333333333333,31.903333333333336,29.731666666666666,29.623333333333328,29.446666666666673,27.028333333333332,26.74333333333334,26.883333333333326,0
2021-09-01,26.941666666666663,27.0,27.0,26.94833333333333,26.89999999999999,26.89999999999999,26.89999999999999,27.983333333333338,33.36,33.361666666666665,33.401666666666664,33.60000000000001,33.49,33.38166666666667,33.5,33.723333333333336,33.235,29.413333333333338,28.321666666666673,28.30833333333334,28.296666666666674,28.198333333333327,28.10000000000001,28.00166666666667,0
2021-09-02,27.913333333333327,27.816666666666674,27.746666666666663,27.668333333333333,27.598333333333343,27.50166666666667,27.47833333333333,28.528333333333325,33.58833333333334,33.641666666666666,33.65166666666667,33.781666666666666,34.07,33.85833333333333,33.623333333333335,33.385000000000005,33.266666666666666,29.486666666666665,28.474999999999998,28.5,28.403333333333325,28.31000000000001,28.219999999999995,28.105000000000004,0
2021-09-03,28.0,27.909999999999993,27.81500000000001,27.746666666666666,27.67833333333333,27.60000000000001,27.52166666666667,28.585,33.650000000000006,33.611666666666665,33.68,33.715,33.916666666666664,33.455,33.385,33.14000000000001,33.27333333333333,29.205000000000002,28.235,28.29166666666667,28.201666666666657,28.13166666666667,28.041666666666668,27.96666666666666,0
2021-09-06,26.89999999999999,26.89999999999999,26.89999999999999,26.89999999999999,26.89999999999999,26.89999999999999,26.89999999999999,28.24833333333333,33.394999999999996,33.58833333333333,33.553333333333335,33.60333333333334,33.848333333333336,34.025000000000006,33.84166666666667,33.656666666666666,33.718333333333334,29.703333333333333,28.566666666666674,28.591666666666672,28.5,28.424999999999994,28.311666666666675,28.218333333333327,0
2021-09-07,28.111666666666675,28.01833333333333,27.946666666666662,27.868333333333332,27.800000000000008,27.72666666666666,27.68166666666666,28.66333333333334,33.28333333333333,33.33333333333333,33.525,33.63000000000001,33.58,33.46,33.468333333333334,33.47333333333333,33.483333333333334,29.453333333333337,28.374999999999996,28.39999999999999,28.37333333333333,28.300000000000008,28.21166666666666,28.110000000000007,0
2021-09-08,28.01833333333333,27.93833333333333,27.861666666666668,27.800000000000008,27.714999999999993,27.668333333333333,27.60000000000001,28.663333333333338,33.361666666666665,33.55,33.515,33.598333333333336,33.49166666666667,33.43166666666667,33.516666666666666,32.88,32.06333333333333,28.418333333333333,27.545,27.698333333333327,27.699999999999992,27.699999999999992,27.699999999999992,27.653333333333332,0
2021-09-09,27.60000000000001,27.55166666666667,27.5,27.49833333333333,27.40666666666666,27.39999999999999,27.369999999999997,28.388333333333335,32.843333333333334,32.779999999999994,32.541666666666664,32.00833333333333,31.639999999999997,31.611666666666668,32.20666666666667,32.21666666666667,31.695,28.041666666666668,27.27166666666667,27.43333333333333,27.5,27.5,27.5,27.5,0
2021-09-10,27.43166666666666,27.39999999999999,27.39999999999999,27.32333333333334,27.300000000000008,27.300000000000008,27.300000000000008,28.48333333333333,33.46666666666666,33.575,33.67666666666666,33.62833333333333,33.60333333333333,33.598333333333336,33.58833333333333,33.52499999999999,33.28333333333333,29.351666666666667,28.383333333333326,28.42166666666666,28.39666666666666,28.30333333333334,28.234999999999996,28.151666666666667,0
2021-09-11,28.065000000000005,28.0,27.908333333333328,27.843333333333337,27.800000000000008,27.72666666666666,27.699999999999992,28.75,33.446666666666665,33.45166666666667,33.425,33.098333333333336,32.35166666666667,31.918333333333333,32.61833333333334,32.61166666666667,31.825000000000003,28.646666666666672,27.681666666666658,27.738333333333333,27.699999999999992,27.628333333333337,27.54666666666667,27.479999999999997,0
2021-09-13,26.800000000000008,26.785000000000004,26.736666666666665,26.699999999999992,26.699999999999992,26.699999999999992,26.699999999999992,27.781666666666663,33.30833333333333,33.46666666666667,33.748333333333335,33.73833333333333,33.85,33.71,33.54,33.513333333333335,33.465,29.98,28.800000000000008,28.770000000000003,28.648333333333337,28.51,28.358333333333334,28.241666666666664,0
2021-09-14,28.11833333333334,27.996666666666666,27.89666666666666,27.800000000000008,27.71166666666666,27.635,27.560000000000006,28.561666666666667,33.56,33.513333333333335,33.45666666666666,33.521666666666675,33.465,33.41833333333333,33.54833333333333,33.73166666666667,33.83,29.82,28.64166666666667,28.62833333333334,28.543333333333337,28.443333333333328,28.320000000000007,28.21166666666666,0
2021-09-15,28.085000000000008,28.0,27.903333333333325,27.81000000000001,27.744999999999997,27.679999999999996,27.60000000000001,28.571666666666665,33.49333333333333,33.52833333333333,33.75500000000001,33.88,33.89666666666666,33.81,33.765,33.44666666666666,33.33500000000001,29.508333333333333,28.411666666666658,28.446666666666662,28.391666666666662,28.300000000000008,28.208333333333325,28.105000000000008,0
2021-09-16,28.008333333333333,27.924999999999994,27.830000000000005,27.773333333333337,27.699999999999992,27.61333333333334,27.571666666666673,28.328333333333333,33.04833333333333,33.38,33.47333333333333,33.04666666666667,33.260000000000005,33.11,32.895,32.765,32.79333333333333,28.716666666666672,27.733333333333334,27.800000000000008,27.800000000000008,27.756666666666668,27.696666666666662,27.601666666666677,0
2021-09-17,27.53,27.491666666666667,27.39999999999999,27.351666666666667,27.300000000000008,27.263333333333335,27.199999999999992,28.089999999999996,33.045,33.338333333333324,33.446666666666665,33.42166666666667,33.295,33.485,33.37,33.34166666666666,33.26,30.01833333333333,28.914999999999992,28.871666666666666,28.746666666666663,28.57166666666667,28.436666666666664,28.278333333333336,0
2021-09-22,27.199999999999992,27.199999999999992,27.199999999999992,27.20166666666666,27.21999999999999,27.275000000000006,27.298333333333343,28.425000000000004,33.20333333333333,33.495000000000005,33.56166666666667,30.681666666666665,28.936666666666667,28.244999999999997,27.91,27.940000000000005,27.861666666666668,27.698333333333338,27.60000000000001,27.60000000000001,27.60000000000001,27.571666666666673,27.5,27.488333333333333,1
2021-10-02,27.300000000000008,27.208333333333325,27.163333333333334,27.10000000000001,27.04833333333334,27.0,27.0,26.928333333333327,31.656666666666666,32.83666666666666,32.153333333333336,32.226666666666674,31.96,31.545,31.294999999999998,30.733333333333334,30.40166666666666,30.305000000000007,29.863333333333337,26.575,26.815000000000005,26.89999999999999,26.89999999999999,26.80333333333334,0
2021-10-07,27.241666666666664,27.18833333333333,27.101666666666677,27.063333333333336,27.0,27.0,26.90666666666666,26.89999999999999,27.69,28.585000000000008,29.726666666666667,33.173333333333325,32.84666666666667,32.373333333333335,32.57833333333334,32.37833333333334,32.14333333333333,28.318333333333335,27.25,27.300000000000008,27.223333333333326,27.171666666666663,27.10000000000001,27.025,1
2021-10-08,27.0,26.913333333333327,26.883333333333326,26.800000000000008,26.800000000000008,26.731666666666666,26.699999999999992,31.78333333333333,32.18833333333333,32.28333333333333,32.666666666666664,33.28,32.638333333333335,32.358333333333334,32.63,32.358333333333334,32.23500000000001,28.501666666666665,27.409999999999993,27.434999999999995,27.39999999999999,27.325000000000006,27.28,27.199999999999992,0
2021-10-12,26.89999999999999,26.89999999999999,26.89999999999999,26.89999999999999,26.89999999999999,26.89999999999999,26.89999999999999,30.36833333333333,34.769999999999996,35.04666666666667,34.50833333333333,34.226666666666674,33.785,33.714999999999996,33.78833333333333,33.80499999999999,33.794999999999995,30.92833333333333,28.076666666666675,28.053333333333335,27.95333333333333,27.825000000000006,27.705,27.568333333333335,0
2021-10-13,27.46333333333333,27.356666666666666,27.273333333333337,27.18333333333333,27.10000000000001,27.01833333333333,27.0,28.331666666666656,34.72,34.09833333333333,33.67833333333334,33.583333333333336,33.12666666666666,32.745,32.19,32.265,31.93833333333333,28.416666666666664,27.365,27.39999999999999,27.32666666666667,27.300000000000008,27.203333333333322,27.140000000000004,0
2021-10-14,27.078333333333337,27.0,26.956666666666663,26.89999999999999,26.85,26.800000000000008,26.800000000000008,28.009999999999994,33.85,32.26333333333333,32.34,32.685,32.45166666666667,32.083333333333336,32.091666666666676,31.873333333333335,31.561666666666667,27.915,26.88666666666666,27.0,27.0,26.983333333333334,26.89999999999999,26.89999999999999,0
2021-10-15,26.813333333333343,26.800000000000008,26.768333333333338,26.699999999999992,26.696666666666662,26.606666666666673,26.60000000000001,27.936666666666675,33.54833333333334,31.66166666666667,31.46666666666667,31.41166666666667,31.211666666666662,31.12666666666667,31.09166666666666,30.946666666666665,30.881666666666668,27.560000000000002,26.649999999999995,26.699999999999992,26.731666666666662,26.701666666666657,26.699999999999992,26.699999999999992,0
2021-10-18,26.199999999999992,26.199999999999992,26.199999999999992,26.199999999999992,26.199999999999992,26.199999999999992,26.199999999999992,28.75166666666666,31.611666666666668,31.081666666666667,30.998333333333335,30.798333333333332,30.73333333333333,30.546666666666667,30.511666666666663,30.35,30.08,26.948333333333334,25.871666666666666,26.0,26.0,26.0,26.0,26.0,0
2021-10-19,26.0,26.0,26.0,25.913333333333327,25.89999999999999,25.89999999999999,25.89999999999999,26.91833333333333,31.381666666666664,30.67666666666667,30.633333333333333,30.665000000000006,30.301666666666666,30.276666666666664,30.400000000000002,30.313333333333336,30.111666666666668,27.06833333333334,26.071666666666673,26.179999999999993,26.199999999999992,26.199999999999992,26.199999999999992,26.121666666666673,0
2021-10-20,26.10000000000001,26.08333333333334,26.0,26.0,26.0,25.973333333333333,25.89999999999999,26.96999999999999,31.03,30.198333333333338,30.226666666666667,30.131666666666668,29.986666666666668,30.15,30.051666666666666,29.863333333333337,30.00333333333333,26.933333333333337,25.931666666666665,26.0,26.029999999999998,26.09833333333334,26.040000000000003,26.0,0
2021-10-21,26.0,26.0,25.966666666666665,25.89999999999999,25.89999999999999,25.89999999999999,25.89999999999999,26.953333333333333,31.143333333333334,30.164999999999996,30.281666666666666,30.183333333333334,30.111666666666665,29.995,30.048333333333336,29.936666666666667,29.813333333333333,26.814999999999998,25.763333333333335,25.800000000000008,25.800000000000008,25.800000000000008,25.800000000000008,25.76,1
2021-10-22,25.699999999999992,25.653333333333336,25.600000000000005,25.531666666666666,25.5,25.454999999999995,25.399999999999995,26.241666666666667,30.5,29.833333333333336,29.783333333333335,29.744999999999997,29.60333333333333,29.543333333333337,29.523333333333333,29.495,29.476666666666663,26.27166666666667,25.26166666666667,25.300000000000008,25.300000000000008,25.300000000000008,25.300000000000008,25.28666666666667,1
2021-10-25,24.800000000000008,24.800000000000008,24.800000000000008,24.800000000000008,24.800000000000008,24.800000000000008,24.800000000000008,27.92,29.778333333333332,29.718333333333334,29.738333333333333,29.651666666666667,29.61,29.50166666666667,29.598333333333333,29.590000000000003,29.491666666666667,26.796666666666674,25.800000000000008,25.79833333333334,25.699999999999992,25.606666666666673,25.50166666666667,25.419999999999995,1
2021-10-26,25.32666666666667,25.265,25.199999999999992,25.100000000000005,25.05666666666667,25.0,24.988333333333333,26.10833333333333,30.360000000000003,29.73666666666666,29.773333333333333,29.98,29.845,29.78,29.84,29.78666666666667,29.62833333333333,27.581666666666663,26.755,26.573333333333338,26.395,26.244999999999997,26.08333333333334,25.95333333333333,1
2021-10-27,25.82833333333334,25.72333333333333,25.610000000000007,25.508333333333333,25.43333333333333,25.35666666666667,25.300000000000008,26.43166666666666,30.424999999999997,29.925000000000004,29.771666666666665,29.778333333333336,29.656666666666666,29.68,29.791666666666668,29.785000000000004,29.655,26.395000000000003,25.330000000000002,25.399999999999995,25.399999999999995,25.315000000000005,25.300000000000008,25.28333333333334,1
2021-10-28,25.199999999999992,25.189999999999998,25.100000000000005,25.100000000000005,25.021666666666665,25.0,25.0,26.216666666666665,30.496666666666666,29.871666666666666,29.931666666666665,29.85333333333333,29.9,29.843333333333334,29.856666666666666,29.783333333333335,29.64,27.189999999999994,26.394999999999992,26.296666666666674,26.174999999999997,26.06166666666667,25.959999999999997,25.851666666666667,1
2021-10-29,25.763333333333335,25.665000000000003,25.581666666666667,25.5,25.444999999999997,25.399999999999995,25.311666666666675,26.431666666666672,30.146666666666665,29.778333333333336,29.880000000000003,29.811666666666667,29.623333333333335,29.491666666666667,29.513333333333332,29.525000000000002,29.41,28.40833333333333,28.148333333333333,27.974999999999998,27.718333333333334,26.328333333333337,26.285000000000004,26.158333333333335,1
2021-11-01,24.800000000000008,24.800000000000008,24.800000000000008,24.800000000000008,24.800000000000008,24.805000000000007,24.88,28.206666666666663,30.133333333333333,30.098333333333336,29.985,29.976666666666667,29.85333333333333,29.75333333333333,29.76,29.726666666666663,29.693333333333328,27.44333333333334,26.679999999999996,26.543333333333337,26.399999999999995,26.258333333333333,26.13166666666667,25.99833333333333,1
2021-11-02,25.88166666666666,25.796666666666674,25.699999999999992,25.601666666666674,25.51833333333333,25.47333333333333,25.399999999999995,26.555000000000007,30.391666666666666,29.755000000000003,29.753333333333334,29.74,29.69166666666667,29.703333333333333,29.640000000000008,29.66,29.613333333333333,26.62,25.601666666666674,25.605000000000008,25.600000000000005,25.548333333333332,25.5,25.429999999999996,1
2021-11-03,25.386666666666663,25.300000000000008,25.29833333333334,25.203333333333326,25.199999999999992,25.11166666666667,25.100000000000005,26.363333333333337,30.55666666666667,30.03666666666667,29.926666666666666,29.963333333333335,29.811666666666664,29.641666666666666,29.641666666666666,29.64833333333333,29.61,27.258333333333333,26.483333333333334,26.356666666666666,26.234999999999996,26.080000000000005,25.959999999999997,25.843333333333337,1
2021-11-04,25.751666666666665,25.64666666666667,25.555000000000003,25.5,25.40333333333333,25.363333333333337,25.300000000000008,26.456666666666667,30.398333333333333,29.77,29.748333333333335,29.72833333333334,29.596666666666668,29.49833333333333,29.499999999999996,29.53666666666667,29.40833333333333,26.508333333333333,25.600000000000005,25.600000000000005,25.600000000000005,25.533333333333335,25.5,25.41166666666666,1
2021-11-05,25.381666666666668,25.300000000000008,25.296666666666674,25.20666666666666,25.199999999999992,25.138333333333335,25.100000000000005,26.431666666666672,30.57,30.05333333333333,30.016666666666673,30.605,30.413333333333334,30.155,30.265,30.258333333333336,30.12666666666667,27.250000000000007,26.301666666666673,26.300000000000008,26.219999999999995,26.121666666666673,26.01833333333333,25.93833333333333,0
2021-11-08,25.300000000000008,25.300000000000008,25.300000000000008,25.300000000000008,25.300000000000008,25.300000000000008,25.300000000000008,28.582222222222228,30.563333333333333,30.251666666666665,30.028333333333332,29.758333333333336,29.56833333333334,29.44833333333333,29.513333333333332,29.465,29.189999999999998,26.410000000000004,25.595000000000002,25.50166666666667,25.42333333333333,25.31500000000001,25.216666666666658,25.105000000000004,1
2021-11-09,25.0,24.916666666666657,24.83000000000001,24.75,24.648333333333337,24.56166666666667,24.495,25.244999999999997,29.52833333333333,28.791666666666668,28.936666666666667,28.970000000000002,28.765,28.71,28.736666666666665,28.655000000000005,28.658333333333335,25.051666666666666,23.939999999999998,24.00166666666667,24.08333333333334,24.100000000000005,24.051666666666666,24.0,1
2021-11-10,24.0,23.995,23.90166666666666,23.899999999999995,23.855000000000004,23.800000000000008,23.800000000000008,24.674999999999994,29.26666666666667,28.68,28.635,28.731666666666666,28.63,28.60833333333333,28.725,28.583333333333332,28.560000000000002,26.836666666666673,26.086666666666666,25.84166666666667,25.6,25.380000000000003,25.165,24.956666666666663,1
2021-11-11,24.755,24.56666666666667,24.404999999999998,24.244999999999997,24.076666666666668,23.956666666666663,23.840000000000007,24.645000000000003,29.14166666666667,28.825000000000003,29.116666666666667,29.24,29.166666666666668,29.161666666666665,29.14,29.03,28.796666666666667,26.37166666666667,25.49833333333333,25.35,25.201666666666664,25.043333333333333,24.89999999999999,24.766666666666666,1
2021-11-12,24.648333333333333,24.53,24.43833333333333,24.34666666666667,24.285000000000004,24.199999999999992,24.138333333333335,25.106666666666666,29.251666666666665,28.846666666666664,28.78666666666667,28.898333333333333,28.678333333333338,28.765,28.705000000000002,28.761666666666667,28.663333333333334,26.580000000000005,25.65,25.45333333333333,25.271666666666665,25.10333333333333,24.95333333333333,24.818333333333342,1
2021-11-13,24.666666666666668,24.538333333333334,24.424999999999994,24.30333333333334,24.20499999999999,24.105000000000008,24.005,23.943333333333328,23.881666666666668,24.501666666666672,28.268333333333334,27.69666666666667,27.79,27.72166666666667,27.769999999999996,27.763333333333332,27.450000000000003,26.24833333333334,25.966666666666672,25.653333333333332,25.381666666666668,25.12166666666667,24.901666666666667,24.709999999999997,1
2021-11-15,23.300000000000008,23.300000000000008,23.300000000000008,23.300000000000008,23.300000000000008,23.300000000000008,23.300000000000008,23.300000000000008,29.046666666666667,29.378333333333334,29.19333333333333,29.308333333333334,29.258333333333336,29.240000000000002,29.363333333333337,29.275000000000002,28.798333333333332,27.039999999999996,26.680000000000007,26.383333333333333,26.104999999999997,25.869999999999997,25.64333333333333,25.444999999999997,1
2021-11-16,25.261666666666667,25.090000000000003,24.948333333333327,24.82333333333334,24.709999999999994,24.590000000000003,24.5,24.418333333333326,29.741666666666667,29.75,29.72833333333333,29.771666666666672,29.67833333333333,29.498333333333335,29.538333333333334,29.410000000000004,28.58,26.073333333333338,25.948333333333327,25.765,25.598333333333336,25.446666666666662,25.296666666666674,25.168333333333333,1
2021-11-17,25.041666666666668,24.93833333333333,24.83833333333334,24.765,24.679999999999996,24.600000000000005,24.51833333333333,24.5,29.814999999999998,29.663333333333334,29.75166666666667,29.60833333333333,29.48166666666667,29.495,29.50666666666667,29.46166666666667,28.82833333333333,26.705000000000005,26.466666666666665,26.238333333333333,26.041666666666668,25.856666666666666,25.695,25.543333333333333,1
2021-11-18,25.41333333333333,25.28333333333334,25.178333333333327,25.075000000000003,25.0,24.909999999999997,24.80833333333334,24.74,29.814999999999998,29.550000000000004,29.43,29.424999999999997,29.378333333333337,29.29,29.316666666666663,29.278333333333332,28.343333333333334,25.300000000000008,25.300000000000008,25.23333333333333,25.150000000000002,25.045,24.974999999999994,24.89333333333333,1
2021-11-19,24.800000000000008,24.74333333333333,24.68833333333333,24.600000000000005,24.535,24.5,24.443333333333328,24.39833333333333,29.741666666666667,29.605,29.759999999999998,29.633333333333333,29.53333333333334,29.551666666666666,29.521666666666665,29.535000000000004,28.695,26.345000000000002,26.191666666666666,26.008333333333333,25.83833333333334,25.676666666666666,25.53666666666667,25.40833333333333,1
2021-11-22,23.800000000000008,23.800000000000008,23.800000000000008,23.800000000000008,23.800000000000008,23.801666666666673,23.871666666666666,23.899999999999995,30.273333333333333,29.878333333333334,29.583333333333332,29.423333333333336,29.400000000000002,29.336666666666666,29.29,29.173333333333332,28.258333333333333,25.828333333333333,25.598333333333333,25.39666666666667,25.200000000000003,25.005,24.825000000000003,24.645000000000003,1
2021-11-23,24.481666666666662,24.336666666666673,24.194999999999997,24.050000000000004,23.93833333333333,23.82333333333334,23.718333333333327,23.61166666666667,28.381666666666664,28.594999999999995,28.471666666666664,28.59333333333333,28.45,28.450000000000003,28.544999999999998,28.515,27.221666666666668,23.34333333333333,23.399999999999995,23.381666666666664,23.300000000000008,23.24333333333333,23.194999999999993,23.100000000000005,1
2021-11-25,24.490000000000002,24.345000000000006,24.22333333333333,24.08166666666667,23.983333333333334,23.881666666666664,23.800000000000008,23.70666666666666,28.946666666666673,29.2,29.226666666666667,29.186666666666667,29.21,29.143333333333334,29.14166666666667,29.085,28.295,25.86,25.631666666666668,25.415,25.218333333333334,25.031666666666666,24.85666666666667,24.723333333333333,1
2021-11-26,24.565,24.446666666666662,24.32833333333334,24.231666666666666,24.138333333333335,24.04,23.97833333333333,23.899999999999995,29.113333333333333,29.12333333333333,29.178333333333335,29.116666666666667,29.17,29.14666666666667,29.058333333333334,28.95833333333333,28.13,25.355,25.196666666666662,25.015,24.83833333333334,24.656666666666666,24.503333333333334,24.353333333333335,1
2021-11-29,23.399999999999995,23.399999999999995,23.399999999999995,23.399999999999995,23.399999999999995,23.40833333333333,23.449999999999996,23.49833333333333,29.631666666666668,29.623333333333335,29.694999999999997,29.931666666666665,29.825000000000003,29.756666666666668,29.795,29.741666666666667,28.836666666666673,26.369999999999997,26.095,25.84166666666667,25.606666666666666,25.403333333333332,25.218333333333334,25.04,1
2021-11-30,24.883333333333333,24.744999999999997,24.62,24.5,24.396666666666665,24.300000000000008,24.224999999999994,24.174999999999997,29.834999999999997,29.723333333333336,29.683333333333334,29.671666666666667,29.560000000000002,29.439999999999998,29.54333333333333,29.428333333333338,28.385,28.61833333333334,28.02166666666667,27.935000000000002,27.590000000000003,26.265,25.996666666666663,25.69666666666667,1
2021-12-01,25.40833333333334,25.133333333333333,24.881666666666668,24.60833333333333,24.380000000000003,24.165,23.96666666666666,23.800000000000004,28.12666666666667,28.51166666666667,28.580000000000002,28.438333333333336,28.53,28.426666666666666,28.418333333333333,28.483333333333334,27.864999999999995,26.151666666666667,25.741666666666667,25.41166666666667,25.111666666666668,24.843333333333337,24.59833333333333,24.381666666666668,1
2021-12-02,24.195,24.019999999999996,23.853333333333335,23.715,23.555000000000003,23.43333333333333,23.293333333333337,23.176666666666662,28.258333333333333,29.000000000000004,28.926666666666662,28.92666666666667,28.828333333333333,28.775000000000002,28.688333333333333,28.668333333333337,27.546666666666663,23.679999999999993,23.699999999999992,23.63666666666667,23.53,23.428333333333327,23.321666666666676,23.231666666666666,1
2021-12-03,23.12166666666667,23.015,22.92333333333333,22.813333333333343,22.724999999999994,22.62333333333334,22.513333333333332,22.4,27.853333333333335,28.695,28.681666666666665,28.763333333333332,28.604999999999997,28.69333333333333,28.53666666666667,28.46666666666667,27.608333333333334,24.78666666666667,24.508333333333333,24.273333333333333,24.036666666666665,23.81666666666667,23.606666666666662,23.43,1
2021-12-06,22.5,22.5,22.5,22.5,22.5,22.5,22.49833333333333,22.476666666666667,28.863333333333333,29.458333333333332,29.436666666666664,29.33,29.406666666666663,29.358333333333338,29.413333333333338,29.35,28.366666666666667,25.268333333333334,25.026666666666664,24.785,24.556666666666665,24.348333333333336,24.168333333333333,23.991666666666664,1
2021-12-07,23.83833333333334,23.689999999999998,23.548333333333332,23.43833333333333,23.325000000000006,23.23666666666666,23.150000000000002,23.07,28.68833333333334,28.95333333333333,28.826666666666668,28.88,28.80833333333333,28.799999999999994,28.76,28.816666666666663,27.988333333333333,25.138333333333332,24.91166666666667,24.680000000000003,24.459999999999997,24.26833333333333,24.078333333333333,23.938333333333333,1
2021-12-08,23.77666666666667,23.645000000000003,23.523333333333333,23.42333333333333,23.32333333333334,23.24,23.15833333333333,23.096666666666668,28.525,29.185,29.458333333333336,29.395,29.289999999999996,29.083333333333336,29.34833333333333,29.36333333333333,28.596666666666664,26.241666666666667,25.898333333333337,25.595,25.333333333333336,25.09,24.873333333333335,24.683333333333334,1
2021-12-09,24.504999999999995,24.348333333333336,24.21333333333333,24.065,23.958333333333332,23.84666666666667,23.758333333333333,23.675,29.391666666666662,29.87666666666667,29.799999999999997,29.678333333333335,29.66,29.624999999999996,29.630000000000003,29.608333333333327,28.903333333333332,26.785,26.406666666666666,26.074999999999996,25.798333333333332,25.541666666666668,25.308333333333337,25.095,1
2021-12-10,24.90833333333333,24.74333333333333,24.56666666666667,24.446666666666662,24.318333333333342,24.199999999999996,24.095000000000002,24.0,29.48833333333333,29.69333333333333,29.683333333333334,29.693333333333335,29.668333333333337,29.68,29.65,29.655,28.770000000000003,25.600000000000005,25.46666666666666,25.275000000000002,25.085,24.925,24.766666666666666,24.635,1
2021-12-13,23.300000000000008,23.300000000000008,23.300000000000008,23.300000000000008,23.300000000000008,23.300000000000008,23.300000000000008,23.218333333333327,29.351666666666663,29.688333333333333,29.48333333333333,29.615000000000002,29.613333333333337,29.46333333333333,29.413333333333334,29.450000000000003,28.63,25.778333333333336,25.481666666666666,25.223333333333333,25.00166666666667,24.79666666666667,24.603333333333335,24.439999999999994,1
2021-12-14,24.26833333333333,24.125,23.98,23.860000000000003,23.77166666666667,23.673333333333332,23.588333333333335,23.5,29.099999999999998,29.71166666666667,29.823333333333334,30.033333333333335,30.075,29.90666666666667,29.849999999999994,29.798333333333332,28.876666666666665,25.616666666666667,25.438333333333333,25.248333333333335,25.05,24.88166666666667,24.73666666666666,24.573333333333334,1
2021-12-15,24.45333333333333,24.335000000000008,24.23333333333333,24.126666666666672,24.023333333333333,23.951666666666664,23.870000000000005,23.800000000000008,29.773333333333333,30.30166666666667,30.28,30.46,30.331666666666667,30.231666666666666,30.183333333333334,30.156666666666666,29.013333333333335,25.183333333333326,25.128333333333334,24.976666666666667,24.843333333333337,24.71,24.56666666666667,24.465,1
2021-12-16,24.358333333333334,24.288333333333338,24.198333333333327,24.100000000000005,24.006666666666668,23.95166666666666,23.886666666666663,23.800000000000008,29.936666666666667,30.423333333333332,30.566666666666663,30.655,30.486666666666665,30.311666666666664,30.178333333333338,30.14,29.06166666666667,25.37333333333333,25.320000000000007,25.188333333333333,25.048333333333332,24.93833333333333,24.811666666666675,24.689999999999998,1
2021-12-17,24.57,24.476666666666667,24.383333333333333,24.300000000000008,24.22166666666666,24.16333333333333,24.100000000000005,24.016666666666666,29.788333333333334,29.938333333333333,29.839999999999996,29.523333333333333,29.36333333333333,29.18166666666667,29.225,29.153333333333336,28.089999999999996,23.711666666666673,23.800000000000008,23.800000000000008,23.718333333333327,23.638333333333335,23.55,23.47333333333333,1
2021-12-20,22.50166666666667,22.503333333333337,22.5,22.5,22.5,22.5,22.5,22.5,29.013333333333335,29.66,29.775000000000002,29.843333333333334,29.701666666666668,29.6,29.61,29.486666666666668,28.785000000000004,25.801666666666662,25.515,25.24666666666667,24.996666666666666,24.77166666666667,24.553333333333335,24.355000000000004,1
2021-12-21,24.171666666666667,24.003333333333334,23.851666666666667,23.728333333333328,23.586666666666673,23.47333333333333,23.363333333333337,23.266666666666666,29.151666666666667,29.72333333333333,29.561666666666664,29.46,29.53333333333333,29.511666666666667,29.558333333333334,29.698333333333334,28.845000000000006,25.651666666666667,25.35333333333333,25.058333333333337,24.785,24.523333333333337,24.303333333333335,24.08833333333333,1
2021-12-22,23.905,23.741666666666664,23.575000000000003,23.458333333333332,23.33166666666667,23.224999999999994,23.110000000000007,23.008333333333333,28.825000000000003,29.286666666666665,29.236666666666668,29.215,29.246666666666666,29.181666666666665,29.191666666666663,29.25666666666667,28.153333333333332,24.03,23.97,23.836666666666673,23.681666666666665,23.54,23.424999999999994,23.293333333333337,1
2021-12-23,23.18166666666666,23.08166666666667,23.0,22.921666666666663,22.861666666666668,22.800000000000008,22.765,22.699999999999992,28.876666666666665,29.685000000000002,29.75166666666667,29.706666666666667,29.718333333333334,29.706666666666663,29.71,29.65,28.755,25.118333333333332,24.948333333333334,24.745,24.541666666666668,24.360000000000003,24.205,23.865000000000002,1
2021-12-27,21.631666666666668,21.600000000000005,21.598333333333336,21.509999999999998,21.5,21.5,21.46666666666666,21.399999999999995,27.775,28.799999999999997,28.73,28.866666666666667,28.878333333333337,28.748333333333335,28.72666666666667,28.69333333333333,27.963333333333335,24.95666666666667,24.446666666666665,24.046666666666667,23.67666666666667,23.366666666666664,23.086666666666666,22.845000000000002,1
2021-12-28,22.616666666666667,22.428333333333335,22.256666666666668,22.105000000000004,21.96833333333333,21.841666666666672,21.74333333333333,21.63666666666667,27.89666666666666,29.098333333333333,29.176666666666662,29.115,29.09,29.138333333333335,29.12166666666667,29.15166666666667,28.236666666666665,25.133333333333333,24.75166666666667,24.428333333333335,24.13166666666667,23.86333333333333,23.596666666666664,23.363333333333333,1
2021-12-29,23.133333333333333,22.935,22.755,22.595000000000006,22.46333333333333,22.33333333333334,22.224999999999994,22.11166666666667,28.333333333333332,29.193333333333335,29.18333333333333,29.35,29.290000000000003,29.163333333333338,29.26833333333333,29.09833333333333,28.401666666666667,25.278333333333332,24.896666666666665,24.561666666666667,24.273333333333337,23.999999999999996,23.77166666666667,23.550000000000004,1
2021-12-30,23.35,23.17333333333333,23.004999999999995,22.848333333333336,22.71666666666666,22.56666666666667,22.465,22.35666666666667,28.248333333333335,28.92,28.723333333333333,28.76,28.631666666666668,28.665,28.648333333333333,28.585,28.566666666666663,28.383333333333333,27.53,27.898333333333333,26.7,25.263333333333332,24.865000000000002,24.48666666666667,1
